-- phpMyAdmin SQL Dump
-- version 4.8.1
-- https://www.phpmyadmin.net/
--
-- Host: 127.0.0.1
-- Generation Time: 23-Out-2018 às 04:32
-- Versão do servidor: 10.1.33-MariaDB
-- PHP Version: 7.2.6

SET SQL_MODE = "NO_AUTO_VALUE_ON_ZERO";
SET AUTOCOMMIT = 0;
START TRANSACTION;
SET time_zone = "+00:00";


/*!40101 SET @OLD_CHARACTER_SET_CLIENT=@@CHARACTER_SET_CLIENT */;
/*!40101 SET @OLD_CHARACTER_SET_RESULTS=@@CHARACTER_SET_RESULTS */;
/*!40101 SET @OLD_COLLATION_CONNECTION=@@COLLATION_CONNECTION */;
/*!40101 SET NAMES utf8mb4 */;

--
-- Database: `barbeshop`
--

-- --------------------------------------------------------

--
-- Estrutura da tabela `barber`
--

CREATE TABLE `barber` (
  `id` int(11) NOT NULL,
  `comissao_id` int(11) NOT NULL,
  `nome` varchar(80) NOT NULL
) ENGINE=InnoDB DEFAULT CHARSET=utf8;

--
-- Extraindo dados da tabela `barber`
--

INSERT INTO `barber` (`id`, `comissao_id`, `nome`) VALUES
(1, 1, 'Thiago de Macedo Lima'),
(2, 1, 'João'),
(3, 1, 'Pedro da Silva Gomes'),
(4, 1, 'Matheus');

-- --------------------------------------------------------

--
-- Estrutura da tabela `caixa`
--

CREATE TABLE `caixa` (
  `id` int(11) NOT NULL,
  `nome` varchar(45) NOT NULL,
  `saldo` decimal(10,2) NOT NULL
) ENGINE=InnoDB DEFAULT CHARSET=utf8;

--
-- Extraindo dados da tabela `caixa`
--

INSERT INTO `caixa` (`id`, `nome`, `saldo`) VALUES
(1, 'Caixa Interno', '184.00');

-- --------------------------------------------------------

--
-- Estrutura da tabela `category`
--

CREATE TABLE `category` (
  `id` int(11) NOT NULL,
  `name` varchar(45) NOT NULL
) ENGINE=InnoDB DEFAULT CHARSET=utf8;

--
-- Extraindo dados da tabela `category`
--

INSERT INTO `category` (`id`, `name`) VALUES
(1, 'teste'),
(2, 'Teste 2'),
(3, 'teste 3');

-- --------------------------------------------------------

--
-- Estrutura da tabela `ci_sessions`
--

CREATE TABLE `ci_sessions` (
  `id` varchar(128) NOT NULL,
  `ip_address` varchar(45) NOT NULL,
  `timestamp` int(10) UNSIGNED NOT NULL DEFAULT '0',
  `data` blob NOT NULL
) ENGINE=InnoDB DEFAULT CHARSET=utf8;

--
-- Extraindo dados da tabela `ci_sessions`
--

INSERT INTO `ci_sessions` (`id`, `ip_address`, `timestamp`, `data`) VALUES
('c5spfo0lem4pnkauhabaac3b6clvmdlp', '::1', 1536539270, 0x5f5f63695f6c6173745f726567656e65726174657c693a313533363533393237303b6c6f67696e75736572737c613a363a7b733a383a2275736572735f6964223b733a313a2231223b733a343a226e616d65223b733a31363a2254686961676f206465204d616365646f223b733a353a22656d61696c223b733a32343a2274686961676f6461726b3139393540676d61696c2e636f6d223b733a383a22757365726e616d65223b733a373a227375706f727465223b733a363a22737461747573223b733a313a2231223b733a383a22726f6c65735f6964223b733a313a2231223b7d),
('i7q958vaqlmhssnipvumbubt0dj7u3iq', '::1', 1536539715, 0x5f5f63695f6c6173745f726567656e65726174657c693a313533363533393731353b6c6f67696e75736572737c613a363a7b733a383a2275736572735f6964223b733a313a2231223b733a343a226e616d65223b733a31363a2254686961676f206465204d616365646f223b733a353a22656d61696c223b733a32343a2274686961676f6461726b3139393540676d61696c2e636f6d223b733a383a22757365726e616d65223b733a373a227375706f727465223b733a363a22737461747573223b733a313a2231223b733a383a22726f6c65735f6964223b733a313a2231223b7d),
('lho5eui9esc4va0cle4gen1mqc3b8eih', '::1', 1536540030, 0x5f5f63695f6c6173745f726567656e65726174657c693a313533363534303033303b6c6f67696e75736572737c613a363a7b733a383a2275736572735f6964223b733a313a2231223b733a343a226e616d65223b733a31363a2254686961676f206465204d616365646f223b733a353a22656d61696c223b733a32343a2274686961676f6461726b3139393540676d61696c2e636f6d223b733a383a22757365726e616d65223b733a373a227375706f727465223b733a363a22737461747573223b733a313a2231223b733a383a22726f6c65735f6964223b733a313a2231223b7d),
('vk5r6g1vths46ukb7tahbgjmekg2d9mu', '::1', 1536540504, 0x5f5f63695f6c6173745f726567656e65726174657c693a313533363534303530343b6c6f67696e75736572737c613a363a7b733a383a2275736572735f6964223b733a313a2231223b733a343a226e616d65223b733a31363a2254686961676f206465204d616365646f223b733a353a22656d61696c223b733a32343a2274686961676f6461726b3139393540676d61696c2e636f6d223b733a383a22757365726e616d65223b733a373a227375706f727465223b733a363a22737461747573223b733a313a2231223b733a383a22726f6c65735f6964223b733a313a2231223b7d),
('c338s57vi5sf8boasg4kb16uekrb6sbv', '::1', 1536540806, 0x5f5f63695f6c6173745f726567656e65726174657c693a313533363534303830363b6c6f67696e75736572737c613a363a7b733a383a2275736572735f6964223b733a313a2231223b733a343a226e616d65223b733a31363a2254686961676f206465204d616365646f223b733a353a22656d61696c223b733a32343a2274686961676f6461726b3139393540676d61696c2e636f6d223b733a383a22757365726e616d65223b733a373a227375706f727465223b733a363a22737461747573223b733a313a2231223b733a383a22726f6c65735f6964223b733a313a2231223b7d),
('93cc67nogvpl97nuamg9evkfcahi99bv', '::1', 1536541117, 0x5f5f63695f6c6173745f726567656e65726174657c693a313533363534313131373b6c6f67696e75736572737c613a363a7b733a383a2275736572735f6964223b733a313a2231223b733a343a226e616d65223b733a31363a2254686961676f206465204d616365646f223b733a353a22656d61696c223b733a32343a2274686961676f6461726b3139393540676d61696c2e636f6d223b733a383a22757365726e616d65223b733a373a227375706f727465223b733a363a22737461747573223b733a313a2231223b733a383a22726f6c65735f6964223b733a313a2231223b7d),
('331v6hb2vh1cnvpbede5mt9slosp5lkk', '::1', 1536541627, 0x5f5f63695f6c6173745f726567656e65726174657c693a313533363534313632373b6c6f67696e75736572737c613a363a7b733a383a2275736572735f6964223b733a313a2231223b733a343a226e616d65223b733a31363a2254686961676f206465204d616365646f223b733a353a22656d61696c223b733a32343a2274686961676f6461726b3139393540676d61696c2e636f6d223b733a383a22757365726e616d65223b733a373a227375706f727465223b733a363a22737461747573223b733a313a2231223b733a383a22726f6c65735f6964223b733a313a2231223b7d),
('9dhbbf3na636rptu6cetc7oi37ip7mcl', '::1', 1536541972, 0x5f5f63695f6c6173745f726567656e65726174657c693a313533363534313937323b6c6f67696e75736572737c613a363a7b733a383a2275736572735f6964223b733a313a2231223b733a343a226e616d65223b733a31363a2254686961676f206465204d616365646f223b733a353a22656d61696c223b733a32343a2274686961676f6461726b3139393540676d61696c2e636f6d223b733a383a22757365726e616d65223b733a373a227375706f727465223b733a363a22737461747573223b733a313a2231223b733a383a22726f6c65735f6964223b733a313a2231223b7d),
('h8tlulnjs4ulc5946muhh0e9jt39c5nh', '::1', 1536542346, 0x5f5f63695f6c6173745f726567656e65726174657c693a313533363534323334363b6c6f67696e75736572737c613a363a7b733a383a2275736572735f6964223b733a313a2231223b733a343a226e616d65223b733a31363a2254686961676f206465204d616365646f223b733a353a22656d61696c223b733a32343a2274686961676f6461726b3139393540676d61696c2e636f6d223b733a383a22757365726e616d65223b733a373a227375706f727465223b733a363a22737461747573223b733a313a2231223b733a383a22726f6c65735f6964223b733a313a2231223b7d),
('rjup5tjfv6va2prsucr82pgngutrqtfi', '::1', 1536542682, 0x5f5f63695f6c6173745f726567656e65726174657c693a313533363534323638323b6c6f67696e75736572737c613a363a7b733a383a2275736572735f6964223b733a313a2231223b733a343a226e616d65223b733a31363a2254686961676f206465204d616365646f223b733a353a22656d61696c223b733a32343a2274686961676f6461726b3139393540676d61696c2e636f6d223b733a383a22757365726e616d65223b733a373a227375706f727465223b733a363a22737461747573223b733a313a2231223b733a383a22726f6c65735f6964223b733a313a2231223b7d),
('t60ddk5gm65ad2iisoea7j42lcsi22jh', '::1', 1536542991, 0x5f5f63695f6c6173745f726567656e65726174657c693a313533363534323939313b6c6f67696e75736572737c613a363a7b733a383a2275736572735f6964223b733a313a2231223b733a343a226e616d65223b733a31363a2254686961676f206465204d616365646f223b733a353a22656d61696c223b733a32343a2274686961676f6461726b3139393540676d61696c2e636f6d223b733a383a22757365726e616d65223b733a373a227375706f727465223b733a363a22737461747573223b733a313a2231223b733a383a22726f6c65735f6964223b733a313a2231223b7d),
('co7eaqf53nalhdqgrqmhmrk5d5vprn9k', '::1', 1536543297, 0x5f5f63695f6c6173745f726567656e65726174657c693a313533363534333239373b6c6f67696e75736572737c613a363a7b733a383a2275736572735f6964223b733a313a2231223b733a343a226e616d65223b733a31363a2254686961676f206465204d616365646f223b733a353a22656d61696c223b733a32343a2274686961676f6461726b3139393540676d61696c2e636f6d223b733a383a22757365726e616d65223b733a373a227375706f727465223b733a363a22737461747573223b733a313a2231223b733a383a22726f6c65735f6964223b733a313a2231223b7d),
('9oh5qkage1fq8vq99es5m083chu8p7dp', '::1', 1536544712, 0x5f5f63695f6c6173745f726567656e65726174657c693a313533363534343731323b6c6f67696e75736572737c613a363a7b733a383a2275736572735f6964223b733a313a2231223b733a343a226e616d65223b733a31363a2254686961676f206465204d616365646f223b733a353a22656d61696c223b733a32343a2274686961676f6461726b3139393540676d61696c2e636f6d223b733a383a22757365726e616d65223b733a373a227375706f727465223b733a363a22737461747573223b733a313a2231223b733a383a22726f6c65735f6964223b733a313a2231223b7d),
('bf6o1p1mnbf8cmajhggpvrqv1a2pa20k', '::1', 1536545214, 0x5f5f63695f6c6173745f726567656e65726174657c693a313533363534353231343b6c6f67696e75736572737c613a363a7b733a383a2275736572735f6964223b733a313a2231223b733a343a226e616d65223b733a31363a2254686961676f206465204d616365646f223b733a353a22656d61696c223b733a32343a2274686961676f6461726b3139393540676d61696c2e636f6d223b733a383a22757365726e616d65223b733a373a227375706f727465223b733a363a22737461747573223b733a313a2231223b733a383a22726f6c65735f6964223b733a313a2231223b7d),
('ql0fqjb64oskddapnq0516qncjc5bf8c', '::1', 1536546545, 0x5f5f63695f6c6173745f726567656e65726174657c693a313533363534363534353b6c6f67696e75736572737c613a363a7b733a383a2275736572735f6964223b733a313a2231223b733a343a226e616d65223b733a31363a2254686961676f206465204d616365646f223b733a353a22656d61696c223b733a32343a2274686961676f6461726b3139393540676d61696c2e636f6d223b733a383a22757365726e616d65223b733a373a227375706f727465223b733a363a22737461747573223b733a313a2231223b733a383a22726f6c65735f6964223b733a313a2231223b7d),
('5la9lnm3d7a7l4d0ig40oh7k568bk1en', '::1', 1536546859, 0x5f5f63695f6c6173745f726567656e65726174657c693a313533363534363835393b6c6f67696e75736572737c613a363a7b733a383a2275736572735f6964223b733a313a2231223b733a343a226e616d65223b733a31363a2254686961676f206465204d616365646f223b733a353a22656d61696c223b733a32343a2274686961676f6461726b3139393540676d61696c2e636f6d223b733a383a22757365726e616d65223b733a373a227375706f727465223b733a363a22737461747573223b733a313a2231223b733a383a22726f6c65735f6964223b733a313a2231223b7d),
('ca1ghjv93s1hr9e6i5gospjsruiqh4e6', '::1', 1536547928, 0x5f5f63695f6c6173745f726567656e65726174657c693a313533363534373932383b6c6f67696e75736572737c613a363a7b733a383a2275736572735f6964223b733a313a2231223b733a343a226e616d65223b733a31363a2254686961676f206465204d616365646f223b733a353a22656d61696c223b733a32343a2274686961676f6461726b3139393540676d61696c2e636f6d223b733a383a22757365726e616d65223b733a373a227375706f727465223b733a363a22737461747573223b733a313a2231223b733a383a22726f6c65735f6964223b733a313a2231223b7d),
('8qad5ckj6rnd87dos6abm0f85uou80cv', '::1', 1536548245, 0x5f5f63695f6c6173745f726567656e65726174657c693a313533363534383234353b6c6f67696e75736572737c613a363a7b733a383a2275736572735f6964223b733a313a2231223b733a343a226e616d65223b733a31363a2254686961676f206465204d616365646f223b733a353a22656d61696c223b733a32343a2274686961676f6461726b3139393540676d61696c2e636f6d223b733a383a22757365726e616d65223b733a373a227375706f727465223b733a363a22737461747573223b733a313a2231223b733a383a22726f6c65735f6964223b733a313a2231223b7d),
('bo6usehunjrb5lros2uoek4ftmcoqmqi', '::1', 1536548854, 0x5f5f63695f6c6173745f726567656e65726174657c693a313533363534383835343b6c6f67696e75736572737c613a363a7b733a383a2275736572735f6964223b733a313a2231223b733a343a226e616d65223b733a31363a2254686961676f206465204d616365646f223b733a353a22656d61696c223b733a32343a2274686961676f6461726b3139393540676d61696c2e636f6d223b733a383a22757365726e616d65223b733a373a227375706f727465223b733a363a22737461747573223b733a313a2231223b733a383a22726f6c65735f6964223b733a313a2231223b7d),
('op7gr8s2t5t7pa899asdh7h78moh8off', '::1', 1536549477, 0x5f5f63695f6c6173745f726567656e65726174657c693a313533363534393437373b6c6f67696e75736572737c613a363a7b733a383a2275736572735f6964223b733a313a2231223b733a343a226e616d65223b733a31363a2254686961676f206465204d616365646f223b733a353a22656d61696c223b733a32343a2274686961676f6461726b3139393540676d61696c2e636f6d223b733a383a22757365726e616d65223b733a373a227375706f727465223b733a363a22737461747573223b733a313a2231223b733a383a22726f6c65735f6964223b733a313a2231223b7d),
('u4drm57vdvbjt351ptvcupqusvok7hm3', '::1', 1536549794, 0x5f5f63695f6c6173745f726567656e65726174657c693a313533363534393739343b6c6f67696e75736572737c613a363a7b733a383a2275736572735f6964223b733a313a2231223b733a343a226e616d65223b733a31363a2254686961676f206465204d616365646f223b733a353a22656d61696c223b733a32343a2274686961676f6461726b3139393540676d61696c2e636f6d223b733a383a22757365726e616d65223b733a373a227375706f727465223b733a363a22737461747573223b733a313a2231223b733a383a22726f6c65735f6964223b733a313a2231223b7d),
('jqvqjpgn4ucb7qfeue38sf14cnlupna8', '::1', 1536550117, 0x5f5f63695f6c6173745f726567656e65726174657c693a313533363535303131373b6c6f67696e75736572737c613a363a7b733a383a2275736572735f6964223b733a313a2231223b733a343a226e616d65223b733a31363a2254686961676f206465204d616365646f223b733a353a22656d61696c223b733a32343a2274686961676f6461726b3139393540676d61696c2e636f6d223b733a383a22757365726e616d65223b733a373a227375706f727465223b733a363a22737461747573223b733a313a2231223b733a383a22726f6c65735f6964223b733a313a2231223b7d),
('7a9ugfik5rt5ksthdt75jctot1m1ujpe', '::1', 1536550570, 0x5f5f63695f6c6173745f726567656e65726174657c693a313533363535303537303b6c6f67696e75736572737c613a363a7b733a383a2275736572735f6964223b733a313a2231223b733a343a226e616d65223b733a31363a2254686961676f206465204d616365646f223b733a353a22656d61696c223b733a32343a2274686961676f6461726b3139393540676d61696c2e636f6d223b733a383a22757365726e616d65223b733a373a227375706f727465223b733a363a22737461747573223b733a313a2231223b733a383a22726f6c65735f6964223b733a313a2231223b7d),
('qrm4mvlb8plutp75koaflaj78dom8aso', '::1', 1536550896, 0x5f5f63695f6c6173745f726567656e65726174657c693a313533363535303839363b6c6f67696e75736572737c613a363a7b733a383a2275736572735f6964223b733a313a2231223b733a343a226e616d65223b733a31363a2254686961676f206465204d616365646f223b733a353a22656d61696c223b733a32343a2274686961676f6461726b3139393540676d61696c2e636f6d223b733a383a22757365726e616d65223b733a373a227375706f727465223b733a363a22737461747573223b733a313a2231223b733a383a22726f6c65735f6964223b733a313a2231223b7d),
('j03ov6rcn2vs89f395qg5vnf6l05qb6g', '::1', 1536551211, 0x5f5f63695f6c6173745f726567656e65726174657c693a313533363535313231313b6c6f67696e75736572737c613a363a7b733a383a2275736572735f6964223b733a313a2231223b733a343a226e616d65223b733a31363a2254686961676f206465204d616365646f223b733a353a22656d61696c223b733a32343a2274686961676f6461726b3139393540676d61696c2e636f6d223b733a383a22757365726e616d65223b733a373a227375706f727465223b733a363a22737461747573223b733a313a2231223b733a383a22726f6c65735f6964223b733a313a2231223b7d),
('qqtkel34o1s13utcc0ssfmb5hfl61ub2', '::1', 1536551540, 0x5f5f63695f6c6173745f726567656e65726174657c693a313533363535313534303b6c6f67696e75736572737c613a363a7b733a383a2275736572735f6964223b733a313a2231223b733a343a226e616d65223b733a31363a2254686961676f206465204d616365646f223b733a353a22656d61696c223b733a32343a2274686961676f6461726b3139393540676d61696c2e636f6d223b733a383a22757365726e616d65223b733a373a227375706f727465223b733a363a22737461747573223b733a313a2231223b733a383a22726f6c65735f6964223b733a313a2231223b7d),
('u8kqoh6ia28l36kjnd86pkpj7jrjn84h', '::1', 1536552064, 0x5f5f63695f6c6173745f726567656e65726174657c693a313533363535323036343b6c6f67696e75736572737c613a363a7b733a383a2275736572735f6964223b733a313a2231223b733a343a226e616d65223b733a31363a2254686961676f206465204d616365646f223b733a353a22656d61696c223b733a32343a2274686961676f6461726b3139393540676d61696c2e636f6d223b733a383a22757365726e616d65223b733a373a227375706f727465223b733a363a22737461747573223b733a313a2231223b733a383a22726f6c65735f6964223b733a313a2231223b7d),
('i7124odf9mtg683tv5fo0pqq45klqfss', '::1', 1536552560, 0x5f5f63695f6c6173745f726567656e65726174657c693a313533363535323536303b6c6f67696e75736572737c613a363a7b733a383a2275736572735f6964223b733a313a2231223b733a343a226e616d65223b733a31363a2254686961676f206465204d616365646f223b733a353a22656d61696c223b733a32343a2274686961676f6461726b3139393540676d61696c2e636f6d223b733a383a22757365726e616d65223b733a373a227375706f727465223b733a363a22737461747573223b733a313a2231223b733a383a22726f6c65735f6964223b733a313a2231223b7d),
('riu6h606pkchs9qo396klgsn4i0j3l49', '::1', 1536552883, 0x5f5f63695f6c6173745f726567656e65726174657c693a313533363535323838333b6c6f67696e75736572737c613a363a7b733a383a2275736572735f6964223b733a313a2231223b733a343a226e616d65223b733a31363a2254686961676f206465204d616365646f223b733a353a22656d61696c223b733a32343a2274686961676f6461726b3139393540676d61696c2e636f6d223b733a383a22757365726e616d65223b733a373a227375706f727465223b733a363a22737461747573223b733a313a2231223b733a383a22726f6c65735f6964223b733a313a2231223b7d),
('vbo9uob70b9r2pg4riqa67irf841ekb1', '::1', 1536553582, 0x5f5f63695f6c6173745f726567656e65726174657c693a313533363535333538323b6c6f67696e75736572737c613a363a7b733a383a2275736572735f6964223b733a313a2231223b733a343a226e616d65223b733a31363a2254686961676f206465204d616365646f223b733a353a22656d61696c223b733a32343a2274686961676f6461726b3139393540676d61696c2e636f6d223b733a383a22757365726e616d65223b733a373a227375706f727465223b733a363a22737461747573223b733a313a2231223b733a383a22726f6c65735f6964223b733a313a2231223b7d),
('2g8q1q1uttctuvfh2g7m0nm0fongi375', '::1', 1536553819, 0x5f5f63695f6c6173745f726567656e65726174657c693a313533363535333538323b6c6f67696e75736572737c613a363a7b733a383a2275736572735f6964223b733a313a2231223b733a343a226e616d65223b733a31363a2254686961676f206465204d616365646f223b733a353a22656d61696c223b733a32343a2274686961676f6461726b3139393540676d61696c2e636f6d223b733a383a22757365726e616d65223b733a373a227375706f727465223b733a363a22737461747573223b733a313a2231223b733a383a22726f6c65735f6964223b733a313a2231223b7d),
('telsd86c664hk04hbp49ks8e7lf4bu7o', '::1', 1536597489, 0x5f5f63695f6c6173745f726567656e65726174657c693a313533363539373438393b),
('h5s5o0rau7p3md0s7s7ihquldk07fvrn', '::1', 1536597514, 0x5f5f63695f6c6173745f726567656e65726174657c693a313533363539373438393b6c6f67696e75736572737c613a363a7b733a383a2275736572735f6964223b733a313a2231223b733a343a226e616d65223b733a31363a2254686961676f206465204d616365646f223b733a353a22656d61696c223b733a32343a2274686961676f6461726b3139393540676d61696c2e636f6d223b733a383a22757365726e616d65223b733a373a227375706f727465223b733a363a22737461747573223b733a313a2231223b733a383a22726f6c65735f6964223b733a313a2231223b7d),
('553lqgrb32k7ouvtgrbcu12ckf8qeqbd', '::1', 1536720712, 0x5f5f63695f6c6173745f726567656e65726174657c693a313533363732303731323b6c6f67696e75736572737c613a363a7b733a383a2275736572735f6964223b733a313a2231223b733a343a226e616d65223b733a31363a2254686961676f206465204d616365646f223b733a353a22656d61696c223b733a32343a2274686961676f6461726b3139393540676d61696c2e636f6d223b733a383a22757365726e616d65223b733a373a227375706f727465223b733a363a22737461747573223b733a313a2231223b733a383a22726f6c65735f6964223b733a313a2231223b7d),
('te4n8o745hsi1820fhcq6dtid6hbu2r8', '::1', 1536721307, 0x5f5f63695f6c6173745f726567656e65726174657c693a313533363732313330373b6c6f67696e75736572737c613a363a7b733a383a2275736572735f6964223b733a313a2231223b733a343a226e616d65223b733a31363a2254686961676f206465204d616365646f223b733a353a22656d61696c223b733a32343a2274686961676f6461726b3139393540676d61696c2e636f6d223b733a383a22757365726e616d65223b733a373a227375706f727465223b733a363a22737461747573223b733a313a2231223b733a383a22726f6c65735f6964223b733a313a2231223b7d),
('2avvf602jg7lbuq29eij6dt4321rn8v5', '::1', 1536722568, 0x5f5f63695f6c6173745f726567656e65726174657c693a313533363732323536383b6c6f67696e75736572737c613a363a7b733a383a2275736572735f6964223b733a313a2231223b733a343a226e616d65223b733a31363a2254686961676f206465204d616365646f223b733a353a22656d61696c223b733a32343a2274686961676f6461726b3139393540676d61696c2e636f6d223b733a383a22757365726e616d65223b733a373a227375706f727465223b733a363a22737461747573223b733a313a2231223b733a383a22726f6c65735f6964223b733a313a2231223b7d),
('ulvua9r63qlflfh5e5ruceb0t84hovl7', '::1', 1536722958, 0x5f5f63695f6c6173745f726567656e65726174657c693a313533363732323935383b6c6f67696e75736572737c613a363a7b733a383a2275736572735f6964223b733a313a2231223b733a343a226e616d65223b733a31363a2254686961676f206465204d616365646f223b733a353a22656d61696c223b733a32343a2274686961676f6461726b3139393540676d61696c2e636f6d223b733a383a22757365726e616d65223b733a373a227375706f727465223b733a363a22737461747573223b733a313a2231223b733a383a22726f6c65735f6964223b733a313a2231223b7d),
('bngilpcqdep14m7cjrjpgv7pfvdqqv65', '::1', 1536723262, 0x5f5f63695f6c6173745f726567656e65726174657c693a313533363732333236323b6c6f67696e75736572737c613a363a7b733a383a2275736572735f6964223b733a313a2231223b733a343a226e616d65223b733a31363a2254686961676f206465204d616365646f223b733a353a22656d61696c223b733a32343a2274686961676f6461726b3139393540676d61696c2e636f6d223b733a383a22757365726e616d65223b733a373a227375706f727465223b733a363a22737461747573223b733a313a2231223b733a383a22726f6c65735f6964223b733a313a2231223b7d),
('m1udv5e1nhl1451qq38d2bn6jjimlmif', '::1', 1536723986, 0x5f5f63695f6c6173745f726567656e65726174657c693a313533363732333938363b6c6f67696e75736572737c613a363a7b733a383a2275736572735f6964223b733a313a2231223b733a343a226e616d65223b733a31363a2254686961676f206465204d616365646f223b733a353a22656d61696c223b733a32343a2274686961676f6461726b3139393540676d61696c2e636f6d223b733a383a22757365726e616d65223b733a373a227375706f727465223b733a363a22737461747573223b733a313a2231223b733a383a22726f6c65735f6964223b733a313a2231223b7d7375636573736f7c733a32383a224461646f7320696e73657269646f7320636f6d207375636573736f2e223b5f5f63695f766172737c613a313a7b733a373a227375636573736f223b733a333a226f6c64223b7d),
('fk53g4d3cs7t5p7i1attlqur9q3jrbn4', '::1', 1536724300, 0x5f5f63695f6c6173745f726567656e65726174657c693a313533363732343330303b6c6f67696e75736572737c613a363a7b733a383a2275736572735f6964223b733a313a2231223b733a343a226e616d65223b733a31363a2254686961676f206465204d616365646f223b733a353a22656d61696c223b733a32343a2274686961676f6461726b3139393540676d61696c2e636f6d223b733a383a22757365726e616d65223b733a373a227375706f727465223b733a363a22737461747573223b733a313a2231223b733a383a22726f6c65735f6964223b733a313a2231223b7d),
('cgf3gj4k7m3ebgfqhvuvrttib2m42smf', '::1', 1536724789, 0x5f5f63695f6c6173745f726567656e65726174657c693a313533363732343738393b6c6f67696e75736572737c613a363a7b733a383a2275736572735f6964223b733a313a2231223b733a343a226e616d65223b733a31363a2254686961676f206465204d616365646f223b733a353a22656d61696c223b733a32343a2274686961676f6461726b3139393540676d61696c2e636f6d223b733a383a22757365726e616d65223b733a373a227375706f727465223b733a363a22737461747573223b733a313a2231223b733a383a22726f6c65735f6964223b733a313a2231223b7d),
('n5et8sub1k91vj7c7c8f32s1u9h9hssj', '::1', 1536725341, 0x5f5f63695f6c6173745f726567656e65726174657c693a313533363732353334313b6c6f67696e75736572737c613a363a7b733a383a2275736572735f6964223b733a313a2231223b733a343a226e616d65223b733a31363a2254686961676f206465204d616365646f223b733a353a22656d61696c223b733a32343a2274686961676f6461726b3139393540676d61696c2e636f6d223b733a383a22757365726e616d65223b733a373a227375706f727465223b733a363a22737461747573223b733a313a2231223b733a383a22726f6c65735f6964223b733a313a2231223b7d),
('vdcnn8fo5b70mcc90cn5vljoc2i8mkf9', '::1', 1536725663, 0x5f5f63695f6c6173745f726567656e65726174657c693a313533363732353636333b6c6f67696e75736572737c613a363a7b733a383a2275736572735f6964223b733a313a2231223b733a343a226e616d65223b733a31363a2254686961676f206465204d616365646f223b733a353a22656d61696c223b733a32343a2274686961676f6461726b3139393540676d61696c2e636f6d223b733a383a22757365726e616d65223b733a373a227375706f727465223b733a363a22737461747573223b733a313a2231223b733a383a22726f6c65735f6964223b733a313a2231223b7d),
('th8odpsa8hnh1pn3mushs8n7v75q9gr3', '::1', 1536725983, 0x5f5f63695f6c6173745f726567656e65726174657c693a313533363732353938333b6c6f67696e75736572737c613a363a7b733a383a2275736572735f6964223b733a313a2231223b733a343a226e616d65223b733a31363a2254686961676f206465204d616365646f223b733a353a22656d61696c223b733a32343a2274686961676f6461726b3139393540676d61696c2e636f6d223b733a383a22757365726e616d65223b733a373a227375706f727465223b733a363a22737461747573223b733a313a2231223b733a383a22726f6c65735f6964223b733a313a2231223b7d),
('pkkm3dv1j1gp0gsp58r6t8b9vohmdueg', '::1', 1536726447, 0x5f5f63695f6c6173745f726567656e65726174657c693a313533363732363434373b6c6f67696e75736572737c613a363a7b733a383a2275736572735f6964223b733a313a2231223b733a343a226e616d65223b733a31363a2254686961676f206465204d616365646f223b733a353a22656d61696c223b733a32343a2274686961676f6461726b3139393540676d61696c2e636f6d223b733a383a22757365726e616d65223b733a373a227375706f727465223b733a363a22737461747573223b733a313a2231223b733a383a22726f6c65735f6964223b733a313a2231223b7d),
('bo437l9qfq6cndkhpahv2scueatqupm2', '::1', 1536726778, 0x5f5f63695f6c6173745f726567656e65726174657c693a313533363732363737383b6c6f67696e75736572737c613a363a7b733a383a2275736572735f6964223b733a313a2231223b733a343a226e616d65223b733a31363a2254686961676f206465204d616365646f223b733a353a22656d61696c223b733a32343a2274686961676f6461726b3139393540676d61696c2e636f6d223b733a383a22757365726e616d65223b733a373a227375706f727465223b733a363a22737461747573223b733a313a2231223b733a383a22726f6c65735f6964223b733a313a2231223b7d),
('hpi5il48vq7n1n8vstvi4mcfaimvtjij', '::1', 1536727126, 0x5f5f63695f6c6173745f726567656e65726174657c693a313533363732373132363b6c6f67696e75736572737c613a363a7b733a383a2275736572735f6964223b733a313a2231223b733a343a226e616d65223b733a31363a2254686961676f206465204d616365646f223b733a353a22656d61696c223b733a32343a2274686961676f6461726b3139393540676d61696c2e636f6d223b733a383a22757365726e616d65223b733a373a227375706f727465223b733a363a22737461747573223b733a313a2231223b733a383a22726f6c65735f6964223b733a313a2231223b7d),
('l0nhni339qltt582niluns3l3i2o4t33', '::1', 1536728019, 0x5f5f63695f6c6173745f726567656e65726174657c693a313533363732383031393b6c6f67696e75736572737c613a363a7b733a383a2275736572735f6964223b733a313a2231223b733a343a226e616d65223b733a31363a2254686961676f206465204d616365646f223b733a353a22656d61696c223b733a32343a2274686961676f6461726b3139393540676d61696c2e636f6d223b733a383a22757365726e616d65223b733a373a227375706f727465223b733a363a22737461747573223b733a313a2231223b733a383a22726f6c65735f6964223b733a313a2231223b7d),
('fp7fubhomo7c6mqqkm4qv7llfnpllctj', '::1', 1536728324, 0x5f5f63695f6c6173745f726567656e65726174657c693a313533363732383332343b6c6f67696e75736572737c613a363a7b733a383a2275736572735f6964223b733a313a2231223b733a343a226e616d65223b733a31363a2254686961676f206465204d616365646f223b733a353a22656d61696c223b733a32343a2274686961676f6461726b3139393540676d61696c2e636f6d223b733a383a22757365726e616d65223b733a373a227375706f727465223b733a363a22737461747573223b733a313a2231223b733a383a22726f6c65735f6964223b733a313a2231223b7d),
('kr35d0ri31r89dieer3q5v0s2okdchiv', '::1', 1536728493, 0x5f5f63695f6c6173745f726567656e65726174657c693a313533363732383332343b6c6f67696e75736572737c613a363a7b733a383a2275736572735f6964223b733a313a2231223b733a343a226e616d65223b733a31363a2254686961676f206465204d616365646f223b733a353a22656d61696c223b733a32343a2274686961676f6461726b3139393540676d61696c2e636f6d223b733a383a22757365726e616d65223b733a373a227375706f727465223b733a363a22737461747573223b733a313a2231223b733a383a22726f6c65735f6964223b733a313a2231223b7d),
('tgkplrjcp34jdcka6i1oj7lvs0rvpghd', '::1', 1536814397, 0x5f5f63695f6c6173745f726567656e65726174657c693a313533363831343339373b6c6f67696e75736572737c613a363a7b733a383a2275736572735f6964223b733a313a2231223b733a343a226e616d65223b733a31363a2254686961676f206465204d616365646f223b733a353a22656d61696c223b733a32343a2274686961676f6461726b3139393540676d61696c2e636f6d223b733a383a22757365726e616d65223b733a373a227375706f727465223b733a363a22737461747573223b733a313a2231223b733a383a22726f6c65735f6964223b733a313a2231223b7d),
('6ss0vhiiim7srgnoksrsa355iqslunr6', '::1', 1536814423, 0x5f5f63695f6c6173745f726567656e65726174657c693a313533363831343339373b6c6f67696e75736572737c613a363a7b733a383a2275736572735f6964223b733a313a2231223b733a343a226e616d65223b733a31363a2254686961676f206465204d616365646f223b733a353a22656d61696c223b733a32343a2274686961676f6461726b3139393540676d61696c2e636f6d223b733a383a22757365726e616d65223b733a373a227375706f727465223b733a363a22737461747573223b733a313a2231223b733a383a22726f6c65735f6964223b733a313a2231223b7d),
('8u592sav6uvr4ulm9j067bqti27d0p9i', '::1', 1536980314, 0x5f5f63695f6c6173745f726567656e65726174657c693a313533363938303331343b6c6f67696e75736572737c613a363a7b733a383a2275736572735f6964223b733a313a2231223b733a343a226e616d65223b733a31363a2254686961676f206465204d616365646f223b733a353a22656d61696c223b733a32343a2274686961676f6461726b3139393540676d61696c2e636f6d223b733a383a22757365726e616d65223b733a373a227375706f727465223b733a363a22737461747573223b733a313a2231223b733a383a22726f6c65735f6964223b733a313a2231223b7d),
('a2dvee80tjr4cs14pvirfbl45j6mscpp', '::1', 1536980628, 0x5f5f63695f6c6173745f726567656e65726174657c693a313533363938303632383b6c6f67696e75736572737c613a363a7b733a383a2275736572735f6964223b733a313a2231223b733a343a226e616d65223b733a31363a2254686961676f206465204d616365646f223b733a353a22656d61696c223b733a32343a2274686961676f6461726b3139393540676d61696c2e636f6d223b733a383a22757365726e616d65223b733a373a227375706f727465223b733a363a22737461747573223b733a313a2231223b733a383a22726f6c65735f6964223b733a313a2231223b7d),
('arn138fncqdogoenrb04bjct209qdvli', '::1', 1536980646, 0x5f5f63695f6c6173745f726567656e65726174657c693a313533363938303632383b6c6f67696e75736572737c613a363a7b733a383a2275736572735f6964223b733a313a2231223b733a343a226e616d65223b733a31363a2254686961676f206465204d616365646f223b733a353a22656d61696c223b733a32343a2274686961676f6461726b3139393540676d61696c2e636f6d223b733a383a22757365726e616d65223b733a373a227375706f727465223b733a363a22737461747573223b733a313a2231223b733a383a22726f6c65735f6964223b733a313a2231223b7d),
('919shgthg08ndti6hu7g9vsifjbil23u', '::1', 1537032370, 0x5f5f63695f6c6173745f726567656e65726174657c693a313533373033323337303b6c6f67696e75736572737c613a363a7b733a383a2275736572735f6964223b733a313a2231223b733a343a226e616d65223b733a31363a2254686961676f206465204d616365646f223b733a353a22656d61696c223b733a32343a2274686961676f6461726b3139393540676d61696c2e636f6d223b733a383a22757365726e616d65223b733a373a227375706f727465223b733a363a22737461747573223b733a313a2231223b733a383a22726f6c65735f6964223b733a313a2231223b7d),
('6aaocp9kjald815g8f8t4632q6hkgt9k', '::1', 1537032710, 0x5f5f63695f6c6173745f726567656e65726174657c693a313533373033323731303b6c6f67696e75736572737c613a363a7b733a383a2275736572735f6964223b733a313a2231223b733a343a226e616d65223b733a31363a2254686961676f206465204d616365646f223b733a353a22656d61696c223b733a32343a2274686961676f6461726b3139393540676d61696c2e636f6d223b733a383a22757365726e616d65223b733a373a227375706f727465223b733a363a22737461747573223b733a313a2231223b733a383a22726f6c65735f6964223b733a313a2231223b7d),
('rcu7sr0i85bj10hdbfoc4g23897n8dqs', '::1', 1537033041, 0x5f5f63695f6c6173745f726567656e65726174657c693a313533373033333034313b6c6f67696e75736572737c613a363a7b733a383a2275736572735f6964223b733a313a2231223b733a343a226e616d65223b733a31363a2254686961676f206465204d616365646f223b733a353a22656d61696c223b733a32343a2274686961676f6461726b3139393540676d61696c2e636f6d223b733a383a22757365726e616d65223b733a373a227375706f727465223b733a363a22737461747573223b733a313a2231223b733a383a22726f6c65735f6964223b733a313a2231223b7d),
('qae4upav8ivgfln85m8n5plk8hoogb67', '::1', 1537033342, 0x5f5f63695f6c6173745f726567656e65726174657c693a313533373033333334323b6c6f67696e75736572737c613a363a7b733a383a2275736572735f6964223b733a313a2231223b733a343a226e616d65223b733a31363a2254686961676f206465204d616365646f223b733a353a22656d61696c223b733a32343a2274686961676f6461726b3139393540676d61696c2e636f6d223b733a383a22757365726e616d65223b733a373a227375706f727465223b733a363a22737461747573223b733a313a2231223b733a383a22726f6c65735f6964223b733a313a2231223b7d),
('1987s6ueas78tf6p91r3lgbfvndfeptt', '::1', 1537033718, 0x5f5f63695f6c6173745f726567656e65726174657c693a313533373033333731383b6c6f67696e75736572737c613a363a7b733a383a2275736572735f6964223b733a313a2231223b733a343a226e616d65223b733a31363a2254686961676f206465204d616365646f223b733a353a22656d61696c223b733a32343a2274686961676f6461726b3139393540676d61696c2e636f6d223b733a383a22757365726e616d65223b733a373a227375706f727465223b733a363a22737461747573223b733a313a2231223b733a383a22726f6c65735f6964223b733a313a2231223b7d),
('57nvar6fuqhu60j4lp2hunq7uqlap7j6', '::1', 1537038702, 0x5f5f63695f6c6173745f726567656e65726174657c693a313533373033383730323b6c6f67696e75736572737c613a363a7b733a383a2275736572735f6964223b733a313a2231223b733a343a226e616d65223b733a31363a2254686961676f206465204d616365646f223b733a353a22656d61696c223b733a32343a2274686961676f6461726b3139393540676d61696c2e636f6d223b733a383a22757365726e616d65223b733a373a227375706f727465223b733a363a22737461747573223b733a313a2231223b733a383a22726f6c65735f6964223b733a313a2231223b7d),
('aem8rvntj41nn2cumerfpkd11h340hmv', '::1', 1537039054, 0x5f5f63695f6c6173745f726567656e65726174657c693a313533373033393035343b6c6f67696e75736572737c613a363a7b733a383a2275736572735f6964223b733a313a2231223b733a343a226e616d65223b733a31363a2254686961676f206465204d616365646f223b733a353a22656d61696c223b733a32343a2274686961676f6461726b3139393540676d61696c2e636f6d223b733a383a22757365726e616d65223b733a373a227375706f727465223b733a363a22737461747573223b733a313a2231223b733a383a22726f6c65735f6964223b733a313a2231223b7d),
('382lgp0tjt8q1klu6jjle4has2uomfmi', '::1', 1537039604, 0x5f5f63695f6c6173745f726567656e65726174657c693a313533373033393630343b6c6f67696e75736572737c613a363a7b733a383a2275736572735f6964223b733a313a2231223b733a343a226e616d65223b733a31363a2254686961676f206465204d616365646f223b733a353a22656d61696c223b733a32343a2274686961676f6461726b3139393540676d61696c2e636f6d223b733a383a22757365726e616d65223b733a373a227375706f727465223b733a363a22737461747573223b733a313a2231223b733a383a22726f6c65735f6964223b733a313a2231223b7d),
('noa86v59t88egn0gtll6hn3scoef808n', '::1', 1537039906, 0x5f5f63695f6c6173745f726567656e65726174657c693a313533373033393930363b6c6f67696e75736572737c613a363a7b733a383a2275736572735f6964223b733a313a2231223b733a343a226e616d65223b733a31363a2254686961676f206465204d616365646f223b733a353a22656d61696c223b733a32343a2274686961676f6461726b3139393540676d61696c2e636f6d223b733a383a22757365726e616d65223b733a373a227375706f727465223b733a363a22737461747573223b733a313a2231223b733a383a22726f6c65735f6964223b733a313a2231223b7d),
('b92l9iiojhc0bbnsgr6oj9riq1taiakj', '::1', 1537040209, 0x5f5f63695f6c6173745f726567656e65726174657c693a313533373034303230393b6c6f67696e75736572737c613a363a7b733a383a2275736572735f6964223b733a313a2231223b733a343a226e616d65223b733a31363a2254686961676f206465204d616365646f223b733a353a22656d61696c223b733a32343a2274686961676f6461726b3139393540676d61696c2e636f6d223b733a383a22757365726e616d65223b733a373a227375706f727465223b733a363a22737461747573223b733a313a2231223b733a383a22726f6c65735f6964223b733a313a2231223b7d),
('n4ep84tsqle0gnlfnkovbf67093vs5df', '::1', 1537040607, 0x5f5f63695f6c6173745f726567656e65726174657c693a313533373034303630373b6c6f67696e75736572737c613a363a7b733a383a2275736572735f6964223b733a313a2231223b733a343a226e616d65223b733a31363a2254686961676f206465204d616365646f223b733a353a22656d61696c223b733a32343a2274686961676f6461726b3139393540676d61696c2e636f6d223b733a383a22757365726e616d65223b733a373a227375706f727465223b733a363a22737461747573223b733a313a2231223b733a383a22726f6c65735f6964223b733a313a2231223b7d),
('298f1p92bkou99cv876jpoe3g3kn8uso', '::1', 1537043763, 0x5f5f63695f6c6173745f726567656e65726174657c693a313533373034333736333b6c6f67696e75736572737c613a363a7b733a383a2275736572735f6964223b733a313a2231223b733a343a226e616d65223b733a31363a2254686961676f206465204d616365646f223b733a353a22656d61696c223b733a32343a2274686961676f6461726b3139393540676d61696c2e636f6d223b733a383a22757365726e616d65223b733a373a227375706f727465223b733a363a22737461747573223b733a313a2231223b733a383a22726f6c65735f6964223b733a313a2231223b7d),
('lkt5pgvvodogo9b5u316nqvttlcmbnin', '::1', 1537044098, 0x5f5f63695f6c6173745f726567656e65726174657c693a313533373034343039383b6c6f67696e75736572737c613a363a7b733a383a2275736572735f6964223b733a313a2231223b733a343a226e616d65223b733a31363a2254686961676f206465204d616365646f223b733a353a22656d61696c223b733a32343a2274686961676f6461726b3139393540676d61696c2e636f6d223b733a383a22757365726e616d65223b733a373a227375706f727465223b733a363a22737461747573223b733a313a2231223b733a383a22726f6c65735f6964223b733a313a2231223b7d),
('insifdekh1576bhmabqst21n805l5n8r', '::1', 1537044950, 0x5f5f63695f6c6173745f726567656e65726174657c693a313533373034343935303b6c6f67696e75736572737c613a363a7b733a383a2275736572735f6964223b733a313a2231223b733a343a226e616d65223b733a31363a2254686961676f206465204d616365646f223b733a353a22656d61696c223b733a32343a2274686961676f6461726b3139393540676d61696c2e636f6d223b733a383a22757365726e616d65223b733a373a227375706f727465223b733a363a22737461747573223b733a313a2231223b733a383a22726f6c65735f6964223b733a313a2231223b7d),
('2v6npu3bon5ced73jsu58b06tu3u9hla', '::1', 1537045259, 0x5f5f63695f6c6173745f726567656e65726174657c693a313533373034353235393b6c6f67696e75736572737c613a363a7b733a383a2275736572735f6964223b733a313a2231223b733a343a226e616d65223b733a31363a2254686961676f206465204d616365646f223b733a353a22656d61696c223b733a32343a2274686961676f6461726b3139393540676d61696c2e636f6d223b733a383a22757365726e616d65223b733a373a227375706f727465223b733a363a22737461747573223b733a313a2231223b733a383a22726f6c65735f6964223b733a313a2231223b7d),
('utfq1p9c2lgnbnessaen88vsvs3il4p7', '::1', 1537046722, 0x5f5f63695f6c6173745f726567656e65726174657c693a313533373034363732323b6c6f67696e75736572737c613a363a7b733a383a2275736572735f6964223b733a313a2231223b733a343a226e616d65223b733a31363a2254686961676f206465204d616365646f223b733a353a22656d61696c223b733a32343a2274686961676f6461726b3139393540676d61696c2e636f6d223b733a383a22757365726e616d65223b733a373a227375706f727465223b733a363a22737461747573223b733a313a2231223b733a383a22726f6c65735f6964223b733a313a2231223b7d7375636573736f7c733a32383a224461646f7320696e73657269646f7320636f6d207375636573736f2e223b5f5f63695f766172737c613a313a7b733a373a227375636573736f223b733a333a226f6c64223b7d),
('deke78mdlq6j8cufhr2dsc9mseckpuua', '::1', 1537046722, 0x5f5f63695f6c6173745f726567656e65726174657c693a313533373034363732323b6c6f67696e75736572737c613a363a7b733a383a2275736572735f6964223b733a313a2231223b733a343a226e616d65223b733a31363a2254686961676f206465204d616365646f223b733a353a22656d61696c223b733a32343a2274686961676f6461726b3139393540676d61696c2e636f6d223b733a383a22757365726e616d65223b733a373a227375706f727465223b733a363a22737461747573223b733a313a2231223b733a383a22726f6c65735f6964223b733a313a2231223b7d),
('m14fmvctflnicv25rq0gdi90n6l51dp2', '::1', 1537056199, 0x5f5f63695f6c6173745f726567656e65726174657c693a313533373035363139393b6c6f67696e75736572737c613a363a7b733a383a2275736572735f6964223b733a313a2231223b733a343a226e616d65223b733a31363a2254686961676f206465204d616365646f223b733a353a22656d61696c223b733a32343a2274686961676f6461726b3139393540676d61696c2e636f6d223b733a383a22757365726e616d65223b733a373a227375706f727465223b733a363a22737461747573223b733a313a2231223b733a383a22726f6c65735f6964223b733a313a2231223b7d),
('7gonmp3oq65c3gt4d1vduojmbt6c0vto', '::1', 1537056779, 0x5f5f63695f6c6173745f726567656e65726174657c693a313533373035363737393b6c6f67696e75736572737c613a363a7b733a383a2275736572735f6964223b733a313a2231223b733a343a226e616d65223b733a31363a2254686961676f206465204d616365646f223b733a353a22656d61696c223b733a32343a2274686961676f6461726b3139393540676d61696c2e636f6d223b733a383a22757365726e616d65223b733a373a227375706f727465223b733a363a22737461747573223b733a313a2231223b733a383a22726f6c65735f6964223b733a313a2231223b7d),
('cm9olo3uvhqn4fbpif4n9usvom1ei735', '::1', 1537057191, 0x5f5f63695f6c6173745f726567656e65726174657c693a313533373035373139313b6c6f67696e75736572737c613a363a7b733a383a2275736572735f6964223b733a313a2231223b733a343a226e616d65223b733a31363a2254686961676f206465204d616365646f223b733a353a22656d61696c223b733a32343a2274686961676f6461726b3139393540676d61696c2e636f6d223b733a383a22757365726e616d65223b733a373a227375706f727465223b733a363a22737461747573223b733a313a2231223b733a383a22726f6c65735f6964223b733a313a2231223b7d),
('4mini9ltjhrtv14m4qt39tftv9db8d7s', '::1', 1537057611, 0x5f5f63695f6c6173745f726567656e65726174657c693a313533373035373631313b6c6f67696e75736572737c613a363a7b733a383a2275736572735f6964223b733a313a2231223b733a343a226e616d65223b733a31363a2254686961676f206465204d616365646f223b733a353a22656d61696c223b733a32343a2274686961676f6461726b3139393540676d61696c2e636f6d223b733a383a22757365726e616d65223b733a373a227375706f727465223b733a363a22737461747573223b733a313a2231223b733a383a22726f6c65735f6964223b733a313a2231223b7d),
('9km35he3kldbtodka2b1h13o528h43nr', '::1', 1537058860, 0x5f5f63695f6c6173745f726567656e65726174657c693a313533373035383836303b6c6f67696e75736572737c613a363a7b733a383a2275736572735f6964223b733a313a2231223b733a343a226e616d65223b733a31363a2254686961676f206465204d616365646f223b733a353a22656d61696c223b733a32343a2274686961676f6461726b3139393540676d61696c2e636f6d223b733a383a22757365726e616d65223b733a373a227375706f727465223b733a363a22737461747573223b733a313a2231223b733a383a22726f6c65735f6964223b733a313a2231223b7d),
('b5alr7ca10vgusq63rlgq44fdsjte3ua', '::1', 1537059188, 0x5f5f63695f6c6173745f726567656e65726174657c693a313533373035393138383b6c6f67696e75736572737c613a363a7b733a383a2275736572735f6964223b733a313a2231223b733a343a226e616d65223b733a31363a2254686961676f206465204d616365646f223b733a353a22656d61696c223b733a32343a2274686961676f6461726b3139393540676d61696c2e636f6d223b733a383a22757365726e616d65223b733a373a227375706f727465223b733a363a22737461747573223b733a313a2231223b733a383a22726f6c65735f6964223b733a313a2231223b7d),
('2198arpm58sot8ooevfun1aioqt05gi4', '::1', 1537059577, 0x5f5f63695f6c6173745f726567656e65726174657c693a313533373035393537373b6c6f67696e75736572737c613a363a7b733a383a2275736572735f6964223b733a313a2231223b733a343a226e616d65223b733a31363a2254686961676f206465204d616365646f223b733a353a22656d61696c223b733a32343a2274686961676f6461726b3139393540676d61696c2e636f6d223b733a383a22757365726e616d65223b733a373a227375706f727465223b733a363a22737461747573223b733a313a2231223b733a383a22726f6c65735f6964223b733a313a2231223b7d),
('nvto3qh5eu676bqpq5o2fq05d1kfuq4g', '::1', 1537059911, 0x5f5f63695f6c6173745f726567656e65726174657c693a313533373035393931313b6c6f67696e75736572737c613a363a7b733a383a2275736572735f6964223b733a313a2231223b733a343a226e616d65223b733a31363a2254686961676f206465204d616365646f223b733a353a22656d61696c223b733a32343a2274686961676f6461726b3139393540676d61696c2e636f6d223b733a383a22757365726e616d65223b733a373a227375706f727465223b733a363a22737461747573223b733a313a2231223b733a383a22726f6c65735f6964223b733a313a2231223b7d),
('bcs270v63sctq3d3es22l0momddklhjc', '::1', 1537060216, 0x5f5f63695f6c6173745f726567656e65726174657c693a313533373036303231363b6c6f67696e75736572737c613a363a7b733a383a2275736572735f6964223b733a313a2231223b733a343a226e616d65223b733a31363a2254686961676f206465204d616365646f223b733a353a22656d61696c223b733a32343a2274686961676f6461726b3139393540676d61696c2e636f6d223b733a383a22757365726e616d65223b733a373a227375706f727465223b733a363a22737461747573223b733a313a2231223b733a383a22726f6c65735f6964223b733a313a2231223b7d),
('b1kt479t9gsad0rpko70oitno17dm4qh', '::1', 1537060545, 0x5f5f63695f6c6173745f726567656e65726174657c693a313533373036303534353b6c6f67696e75736572737c613a363a7b733a383a2275736572735f6964223b733a313a2231223b733a343a226e616d65223b733a31363a2254686961676f206465204d616365646f223b733a353a22656d61696c223b733a32343a2274686961676f6461726b3139393540676d61696c2e636f6d223b733a383a22757365726e616d65223b733a373a227375706f727465223b733a363a22737461747573223b733a313a2231223b733a383a22726f6c65735f6964223b733a313a2231223b7d),
('k38dood469cs52u39alcit6ljgkvt28r', '::1', 1537060889, 0x5f5f63695f6c6173745f726567656e65726174657c693a313533373036303838393b6c6f67696e75736572737c613a363a7b733a383a2275736572735f6964223b733a313a2231223b733a343a226e616d65223b733a31363a2254686961676f206465204d616365646f223b733a353a22656d61696c223b733a32343a2274686961676f6461726b3139393540676d61696c2e636f6d223b733a383a22757365726e616d65223b733a373a227375706f727465223b733a363a22737461747573223b733a313a2231223b733a383a22726f6c65735f6964223b733a313a2231223b7d),
('qc91976i40th02mnf3r4odqtb0aa3jia', '::1', 1537061222, 0x5f5f63695f6c6173745f726567656e65726174657c693a313533373036313232323b6c6f67696e75736572737c613a363a7b733a383a2275736572735f6964223b733a313a2231223b733a343a226e616d65223b733a31363a2254686961676f206465204d616365646f223b733a353a22656d61696c223b733a32343a2274686961676f6461726b3139393540676d61696c2e636f6d223b733a383a22757365726e616d65223b733a373a227375706f727465223b733a363a22737461747573223b733a313a2231223b733a383a22726f6c65735f6964223b733a313a2231223b7d6572726f7c733a35363a224361697861206ac3a1207265676973747261646f20696d706f73736976656c2073616c766172206e6f76616d656e74652e3c6272202f3e0a223b5f5f63695f766172737c613a313a7b733a343a226572726f223b733a333a226f6c64223b7d),
('7fq02ibqclne03v6h4uk7ndlq800056o', '::1', 1537061723, 0x5f5f63695f6c6173745f726567656e65726174657c693a313533373036313732333b6c6f67696e75736572737c613a363a7b733a383a2275736572735f6964223b733a313a2231223b733a343a226e616d65223b733a31363a2254686961676f206465204d616365646f223b733a353a22656d61696c223b733a32343a2274686961676f6461726b3139393540676d61696c2e636f6d223b733a383a22757365726e616d65223b733a373a227375706f727465223b733a363a22737461747573223b733a313a2231223b733a383a22726f6c65735f6964223b733a313a2231223b7d),
('s3it8eri2929p4cvrmjqgvsop11fjvmf', '::1', 1537063077, 0x5f5f63695f6c6173745f726567656e65726174657c693a313533373036333037373b6c6f67696e75736572737c613a363a7b733a383a2275736572735f6964223b733a313a2231223b733a343a226e616d65223b733a31363a2254686961676f206465204d616365646f223b733a353a22656d61696c223b733a32343a2274686961676f6461726b3139393540676d61696c2e636f6d223b733a383a22757365726e616d65223b733a373a227375706f727465223b733a363a22737461747573223b733a313a2231223b733a383a22726f6c65735f6964223b733a313a2231223b7d),
('mc0er3gtj769h0c82a7ab57mov57sp21', '::1', 1537063626, 0x5f5f63695f6c6173745f726567656e65726174657c693a313533373036333632363b6c6f67696e75736572737c613a363a7b733a383a2275736572735f6964223b733a313a2231223b733a343a226e616d65223b733a31363a2254686961676f206465204d616365646f223b733a353a22656d61696c223b733a32343a2274686961676f6461726b3139393540676d61696c2e636f6d223b733a383a22757365726e616d65223b733a373a227375706f727465223b733a363a22737461747573223b733a313a2231223b733a383a22726f6c65735f6964223b733a313a2231223b7d),
('vnlam775h0e31oqs5rd2dn9a7dtp2dg4', '::1', 1537063982, 0x5f5f63695f6c6173745f726567656e65726174657c693a313533373036333938323b6c6f67696e75736572737c613a363a7b733a383a2275736572735f6964223b733a313a2231223b733a343a226e616d65223b733a31363a2254686961676f206465204d616365646f223b733a353a22656d61696c223b733a32343a2274686961676f6461726b3139393540676d61696c2e636f6d223b733a383a22757365726e616d65223b733a373a227375706f727465223b733a363a22737461747573223b733a313a2231223b733a383a22726f6c65735f6964223b733a313a2231223b7d),
('dln3rij0f7nci7pe4bjn8kknkces99or', '::1', 1537064283, 0x5f5f63695f6c6173745f726567656e65726174657c693a313533373036343238333b6c6f67696e75736572737c613a363a7b733a383a2275736572735f6964223b733a313a2231223b733a343a226e616d65223b733a31363a2254686961676f206465204d616365646f223b733a353a22656d61696c223b733a32343a2274686961676f6461726b3139393540676d61696c2e636f6d223b733a383a22757365726e616d65223b733a373a227375706f727465223b733a363a22737461747573223b733a313a2231223b733a383a22726f6c65735f6964223b733a313a2231223b7d),
('senf2hbt57c1mn71hrso66vat8bpvvu9', '::1', 1537064539, 0x5f5f63695f6c6173745f726567656e65726174657c693a313533373036343238333b6c6f67696e75736572737c613a363a7b733a383a2275736572735f6964223b733a313a2231223b733a343a226e616d65223b733a31363a2254686961676f206465204d616365646f223b733a353a22656d61696c223b733a32343a2274686961676f6461726b3139393540676d61696c2e636f6d223b733a383a22757365726e616d65223b733a373a227375706f727465223b733a363a22737461747573223b733a313a2231223b733a383a22726f6c65735f6964223b733a313a2231223b7d),
('shoplhqn1cku3p2r0l5nbl2nfch3nel2', '::1', 1537073820, 0x5f5f63695f6c6173745f726567656e65726174657c693a313533373037333832303b),
('tbnp1cf5t81hbl736k54v4to5ndaouip', '::1', 1537151390, 0x5f5f63695f6c6173745f726567656e65726174657c693a313533373135313339303b6c6f67696e75736572737c613a363a7b733a383a2275736572735f6964223b733a313a2231223b733a343a226e616d65223b733a31363a2254686961676f206465204d616365646f223b733a353a22656d61696c223b733a32343a2274686961676f6461726b3139393540676d61696c2e636f6d223b733a383a22757365726e616d65223b733a373a227375706f727465223b733a363a22737461747573223b733a313a2231223b733a383a22726f6c65735f6964223b733a313a2231223b7d),
('f7h80p32npv7lfm9hc455sp5fts8qft4', '::1', 1537151719, 0x5f5f63695f6c6173745f726567656e65726174657c693a313533373135313731393b6c6f67696e75736572737c613a363a7b733a383a2275736572735f6964223b733a313a2231223b733a343a226e616d65223b733a31363a2254686961676f206465204d616365646f223b733a353a22656d61696c223b733a32343a2274686961676f6461726b3139393540676d61696c2e636f6d223b733a383a22757365726e616d65223b733a373a227375706f727465223b733a363a22737461747573223b733a313a2231223b733a383a22726f6c65735f6964223b733a313a2231223b7d),
('mq0tb2jub45i3ig93q1ij5e4ir083n0b', '::1', 1537152071, 0x5f5f63695f6c6173745f726567656e65726174657c693a313533373135323037313b6c6f67696e75736572737c613a363a7b733a383a2275736572735f6964223b733a313a2231223b733a343a226e616d65223b733a31363a2254686961676f206465204d616365646f223b733a353a22656d61696c223b733a32343a2274686961676f6461726b3139393540676d61696c2e636f6d223b733a383a22757365726e616d65223b733a373a227375706f727465223b733a363a22737461747573223b733a313a2231223b733a383a22726f6c65735f6964223b733a313a2231223b7d),
('8rncm6rs43p9u1ealie0gpgiu2275sb5', '::1', 1537152463, 0x5f5f63695f6c6173745f726567656e65726174657c693a313533373135323436333b6c6f67696e75736572737c613a363a7b733a383a2275736572735f6964223b733a313a2231223b733a343a226e616d65223b733a31363a2254686961676f206465204d616365646f223b733a353a22656d61696c223b733a32343a2274686961676f6461726b3139393540676d61696c2e636f6d223b733a383a22757365726e616d65223b733a373a227375706f727465223b733a363a22737461747573223b733a313a2231223b733a383a22726f6c65735f6964223b733a313a2231223b7d),
('ka0ioig6jmgcf6coje2pont9sbdgfna6', '::1', 1537152780, 0x5f5f63695f6c6173745f726567656e65726174657c693a313533373135323738303b6c6f67696e75736572737c613a363a7b733a383a2275736572735f6964223b733a313a2231223b733a343a226e616d65223b733a31363a2254686961676f206465204d616365646f223b733a353a22656d61696c223b733a32343a2274686961676f6461726b3139393540676d61696c2e636f6d223b733a383a22757365726e616d65223b733a373a227375706f727465223b733a363a22737461747573223b733a313a2231223b733a383a22726f6c65735f6964223b733a313a2231223b7d),
('vaesceimik84d31brrhj3j51cqpcu8sd', '::1', 1537153153, 0x5f5f63695f6c6173745f726567656e65726174657c693a313533373135333135333b6c6f67696e75736572737c613a363a7b733a383a2275736572735f6964223b733a313a2231223b733a343a226e616d65223b733a31363a2254686961676f206465204d616365646f223b733a353a22656d61696c223b733a32343a2274686961676f6461726b3139393540676d61696c2e636f6d223b733a383a22757365726e616d65223b733a373a227375706f727465223b733a363a22737461747573223b733a313a2231223b733a383a22726f6c65735f6964223b733a313a2231223b7d),
('elncauq8f0khm7j2h1k4odnois2rusva', '::1', 1537153459, 0x5f5f63695f6c6173745f726567656e65726174657c693a313533373135333435393b6c6f67696e75736572737c613a363a7b733a383a2275736572735f6964223b733a313a2231223b733a343a226e616d65223b733a31363a2254686961676f206465204d616365646f223b733a353a22656d61696c223b733a32343a2274686961676f6461726b3139393540676d61696c2e636f6d223b733a383a22757365726e616d65223b733a373a227375706f727465223b733a363a22737461747573223b733a313a2231223b733a383a22726f6c65735f6964223b733a313a2231223b7d);
INSERT INTO `ci_sessions` (`id`, `ip_address`, `timestamp`, `data`) VALUES
('7bvc0rds6b3kkm2fe94jnf9hv7qub6kf', '::1', 1537153945, 0x5f5f63695f6c6173745f726567656e65726174657c693a313533373135333934353b6c6f67696e75736572737c613a363a7b733a383a2275736572735f6964223b733a313a2231223b733a343a226e616d65223b733a31363a2254686961676f206465204d616365646f223b733a353a22656d61696c223b733a32343a2274686961676f6461726b3139393540676d61696c2e636f6d223b733a383a22757365726e616d65223b733a373a227375706f727465223b733a363a22737461747573223b733a313a2231223b733a383a22726f6c65735f6964223b733a313a2231223b7d),
('emjc340ef320ig16jicjr0t5a94cm2kd', '::1', 1537154273, 0x5f5f63695f6c6173745f726567656e65726174657c693a313533373135343237333b6c6f67696e75736572737c613a363a7b733a383a2275736572735f6964223b733a313a2231223b733a343a226e616d65223b733a31363a2254686961676f206465204d616365646f223b733a353a22656d61696c223b733a32343a2274686961676f6461726b3139393540676d61696c2e636f6d223b733a383a22757365726e616d65223b733a373a227375706f727465223b733a363a22737461747573223b733a313a2231223b733a383a22726f6c65735f6964223b733a313a2231223b7d),
('t3ckus1kbtk6cu52g37iu3vpkatdlg0a', '::1', 1537154866, 0x5f5f63695f6c6173745f726567656e65726174657c693a313533373135343836363b6c6f67696e75736572737c613a363a7b733a383a2275736572735f6964223b733a313a2231223b733a343a226e616d65223b733a31363a2254686961676f206465204d616365646f223b733a353a22656d61696c223b733a32343a2274686961676f6461726b3139393540676d61696c2e636f6d223b733a383a22757365726e616d65223b733a373a227375706f727465223b733a363a22737461747573223b733a313a2231223b733a383a22726f6c65735f6964223b733a313a2231223b7d),
('fp1m089ujthumq4nbesk7naka9qcpu1o', '::1', 1537155334, 0x5f5f63695f6c6173745f726567656e65726174657c693a313533373135353333343b6c6f67696e75736572737c613a363a7b733a383a2275736572735f6964223b733a313a2231223b733a343a226e616d65223b733a31363a2254686961676f206465204d616365646f223b733a353a22656d61696c223b733a32343a2274686961676f6461726b3139393540676d61696c2e636f6d223b733a383a22757365726e616d65223b733a373a227375706f727465223b733a363a22737461747573223b733a313a2231223b733a383a22726f6c65735f6964223b733a313a2231223b7d),
('7rd1bqek7so0e1u10g7bbrk7456ef1g0', '::1', 1537155877, 0x5f5f63695f6c6173745f726567656e65726174657c693a313533373135353837373b6c6f67696e75736572737c613a363a7b733a383a2275736572735f6964223b733a313a2231223b733a343a226e616d65223b733a31363a2254686961676f206465204d616365646f223b733a353a22656d61696c223b733a32343a2274686961676f6461726b3139393540676d61696c2e636f6d223b733a383a22757365726e616d65223b733a373a227375706f727465223b733a363a22737461747573223b733a313a2231223b733a383a22726f6c65735f6964223b733a313a2231223b7d7375636573736f7c733a32363a224361697861204665636861646f20636f6d207375636573736f2e223b5f5f63695f766172737c613a313a7b733a373a227375636573736f223b733a333a226f6c64223b7d),
('9uddvo22ttnd87674vspos1jgqrru48g', '::1', 1537156360, 0x5f5f63695f6c6173745f726567656e65726174657c693a313533373135363336303b6c6f67696e75736572737c613a363a7b733a383a2275736572735f6964223b733a313a2231223b733a343a226e616d65223b733a31363a2254686961676f206465204d616365646f223b733a353a22656d61696c223b733a32343a2274686961676f6461726b3139393540676d61696c2e636f6d223b733a383a22757365726e616d65223b733a373a227375706f727465223b733a363a22737461747573223b733a313a2231223b733a383a22726f6c65735f6964223b733a313a2231223b7d),
('3jnshlo0renqksnvpdlvf41eunvktghs', '::1', 1537157332, 0x5f5f63695f6c6173745f726567656e65726174657c693a313533373135373333323b6c6f67696e75736572737c613a363a7b733a383a2275736572735f6964223b733a313a2231223b733a343a226e616d65223b733a31363a2254686961676f206465204d616365646f223b733a353a22656d61696c223b733a32343a2274686961676f6461726b3139393540676d61696c2e636f6d223b733a383a22757365726e616d65223b733a373a227375706f727465223b733a363a22737461747573223b733a313a2231223b733a383a22726f6c65735f6964223b733a313a2231223b7d),
('qpkhvd1u0os30tg5at9n3hn54po3tt63', '::1', 1537158132, 0x5f5f63695f6c6173745f726567656e65726174657c693a313533373135383133323b6c6f67696e75736572737c613a363a7b733a383a2275736572735f6964223b733a313a2231223b733a343a226e616d65223b733a31363a2254686961676f206465204d616365646f223b733a353a22656d61696c223b733a32343a2274686961676f6461726b3139393540676d61696c2e636f6d223b733a383a22757365726e616d65223b733a373a227375706f727465223b733a363a22737461747573223b733a313a2231223b733a383a22726f6c65735f6964223b733a313a2231223b7d),
('n38rh5s1j8skt10j8kqlfogoagciataf', '::1', 1537158690, 0x5f5f63695f6c6173745f726567656e65726174657c693a313533373135383639303b6c6f67696e75736572737c613a363a7b733a383a2275736572735f6964223b733a313a2231223b733a343a226e616d65223b733a31363a2254686961676f206465204d616365646f223b733a353a22656d61696c223b733a32343a2274686961676f6461726b3139393540676d61696c2e636f6d223b733a383a22757365726e616d65223b733a373a227375706f727465223b733a363a22737461747573223b733a313a2231223b733a383a22726f6c65735f6964223b733a313a2231223b7d),
('ure125gm0eu5v647dkcj0pm69to88nrq', '::1', 1537159056, 0x5f5f63695f6c6173745f726567656e65726174657c693a313533373135393035363b6c6f67696e75736572737c613a363a7b733a383a2275736572735f6964223b733a313a2231223b733a343a226e616d65223b733a31363a2254686961676f206465204d616365646f223b733a353a22656d61696c223b733a32343a2274686961676f6461726b3139393540676d61696c2e636f6d223b733a383a22757365726e616d65223b733a373a227375706f727465223b733a363a22737461747573223b733a313a2231223b733a383a22726f6c65735f6964223b733a313a2231223b7d),
('1ccvedi0bnhd8rogc9cl4c996acgm484', '::1', 1537159410, 0x5f5f63695f6c6173745f726567656e65726174657c693a313533373135393431303b6c6f67696e75736572737c613a363a7b733a383a2275736572735f6964223b733a313a2231223b733a343a226e616d65223b733a31363a2254686961676f206465204d616365646f223b733a353a22656d61696c223b733a32343a2274686961676f6461726b3139393540676d61696c2e636f6d223b733a383a22757365726e616d65223b733a373a227375706f727465223b733a363a22737461747573223b733a313a2231223b733a383a22726f6c65735f6964223b733a313a2231223b7d7375636573736f7c733a33303a22557375c3a172696f2072656d6f7669646f20636f6d207375636573736f2e223b5f5f63695f766172737c613a313a7b733a373a227375636573736f223b733a333a226f6c64223b7d),
('if244tjnelt87ovoj7q5at2rjv3taevd', '::1', 1537159433, 0x5f5f63695f6c6173745f726567656e65726174657c693a313533373135393431303b6c6f67696e75736572737c613a363a7b733a383a2275736572735f6964223b733a313a2231223b733a343a226e616d65223b733a31363a2254686961676f206465204d616365646f223b733a353a22656d61696c223b733a32343a2274686961676f6461726b3139393540676d61696c2e636f6d223b733a383a22757365726e616d65223b733a373a227375706f727465223b733a363a22737461747573223b733a313a2231223b733a383a22726f6c65735f6964223b733a313a2231223b7d7375636573736f7c733a33313a22506167616d656e746f2072656d6f7669646f20636f6d207375636573736f2e223b5f5f63695f766172737c613a313a7b733a373a227375636573736f223b733a333a226f6c64223b7d),
('bb274ejdfcgan0ake4h7gdrfabsdbkqo', '::1', 1537241367, 0x5f5f63695f6c6173745f726567656e65726174657c693a313533373234313336373b6c6f67696e75736572737c613a363a7b733a383a2275736572735f6964223b733a313a2231223b733a343a226e616d65223b733a31363a2254686961676f206465204d616365646f223b733a353a22656d61696c223b733a32343a2274686961676f6461726b3139393540676d61696c2e636f6d223b733a383a22757365726e616d65223b733a373a227375706f727465223b733a363a22737461747573223b733a313a2231223b733a383a22726f6c65735f6964223b733a313a2231223b7d7375636573736f7c733a32383a224461646f7320696e73657269646f7320636f6d207375636573736f2e223b5f5f63695f766172737c613a313a7b733a373a227375636573736f223b733a333a226f6c64223b7d),
('mbh9b3ensihhutf4t103puj83ks3rr3b', '::1', 1537241755, 0x5f5f63695f6c6173745f726567656e65726174657c693a313533373234313735353b6c6f67696e75736572737c613a363a7b733a383a2275736572735f6964223b733a313a2231223b733a343a226e616d65223b733a31363a2254686961676f206465204d616365646f223b733a353a22656d61696c223b733a32343a2274686961676f6461726b3139393540676d61696c2e636f6d223b733a383a22757365726e616d65223b733a373a227375706f727465223b733a363a22737461747573223b733a313a2231223b733a383a22726f6c65735f6964223b733a313a2231223b7d),
('bnf8qiqph5s6f8grg2bvtls7liumm11f', '::1', 1537242409, 0x5f5f63695f6c6173745f726567656e65726174657c693a313533373234323430393b6c6f67696e75736572737c613a363a7b733a383a2275736572735f6964223b733a313a2231223b733a343a226e616d65223b733a31363a2254686961676f206465204d616365646f223b733a353a22656d61696c223b733a32343a2274686961676f6461726b3139393540676d61696c2e636f6d223b733a383a22757365726e616d65223b733a373a227375706f727465223b733a363a22737461747573223b733a313a2231223b733a383a22726f6c65735f6964223b733a313a2231223b7d),
('0apftekk5jp77o023j44gvhot47g5sll', '::1', 1537242858, 0x5f5f63695f6c6173745f726567656e65726174657c693a313533373234323835383b6c6f67696e75736572737c613a363a7b733a383a2275736572735f6964223b733a313a2231223b733a343a226e616d65223b733a31363a2254686961676f206465204d616365646f223b733a353a22656d61696c223b733a32343a2274686961676f6461726b3139393540676d61696c2e636f6d223b733a383a22757365726e616d65223b733a373a227375706f727465223b733a363a22737461747573223b733a313a2231223b733a383a22726f6c65735f6964223b733a313a2231223b7d),
('pl3chqa5f63rqh8dh1clhd9r5urglu2v', '::1', 1537243315, 0x5f5f63695f6c6173745f726567656e65726174657c693a313533373234333331353b6c6f67696e75736572737c613a363a7b733a383a2275736572735f6964223b733a313a2231223b733a343a226e616d65223b733a31363a2254686961676f206465204d616365646f223b733a353a22656d61696c223b733a32343a2274686961676f6461726b3139393540676d61696c2e636f6d223b733a383a22757365726e616d65223b733a373a227375706f727465223b733a363a22737461747573223b733a313a2231223b733a383a22726f6c65735f6964223b733a313a2231223b7d),
('movq5to01mhv4apuem4ofjnrp6jb10b6', '::1', 1537243693, 0x5f5f63695f6c6173745f726567656e65726174657c693a313533373234333639333b6c6f67696e75736572737c613a363a7b733a383a2275736572735f6964223b733a313a2231223b733a343a226e616d65223b733a31363a2254686961676f206465204d616365646f223b733a353a22656d61696c223b733a32343a2274686961676f6461726b3139393540676d61696c2e636f6d223b733a383a22757365726e616d65223b733a373a227375706f727465223b733a363a22737461747573223b733a313a2231223b733a383a22726f6c65735f6964223b733a313a2231223b7d),
('mcgvgemadvgbra1jekl8kproiduk3gq8', '::1', 1537244395, 0x5f5f63695f6c6173745f726567656e65726174657c693a313533373234343339353b6c6f67696e75736572737c613a363a7b733a383a2275736572735f6964223b733a313a2231223b733a343a226e616d65223b733a31363a2254686961676f206465204d616365646f223b733a353a22656d61696c223b733a32343a2274686961676f6461726b3139393540676d61696c2e636f6d223b733a383a22757365726e616d65223b733a373a227375706f727465223b733a363a22737461747573223b733a313a2231223b733a383a22726f6c65735f6964223b733a313a2231223b7d7375636573736f7c733a32373a2256656e64612072656d6f7669646120636f6d207375636573736f2e223b5f5f63695f766172737c613a313a7b733a373a227375636573736f223b733a333a226f6c64223b7d),
('r3bm3pg39tp7rc2a82s5rptaumvbub60', '::1', 1537244726, 0x5f5f63695f6c6173745f726567656e65726174657c693a313533373234343732363b6c6f67696e75736572737c613a363a7b733a383a2275736572735f6964223b733a313a2231223b733a343a226e616d65223b733a31363a2254686961676f206465204d616365646f223b733a353a22656d61696c223b733a32343a2274686961676f6461726b3139393540676d61696c2e636f6d223b733a383a22757365726e616d65223b733a373a227375706f727465223b733a363a22737461747573223b733a313a2231223b733a383a22726f6c65735f6964223b733a313a2231223b7d),
('dc91tv4luct9ej5dqruduh683e74p6o6', '::1', 1537245068, 0x5f5f63695f6c6173745f726567656e65726174657c693a313533373234353036383b6c6f67696e75736572737c613a363a7b733a383a2275736572735f6964223b733a313a2231223b733a343a226e616d65223b733a31363a2254686961676f206465204d616365646f223b733a353a22656d61696c223b733a32343a2274686961676f6461726b3139393540676d61696c2e636f6d223b733a383a22757365726e616d65223b733a373a227375706f727465223b733a363a22737461747573223b733a313a2231223b733a383a22726f6c65735f6964223b733a313a2231223b7d),
('o8m4adeq7ahb9lt58qplhncv594icdh4', '::1', 1537245134, 0x5f5f63695f6c6173745f726567656e65726174657c693a313533373234353036383b),
('csepi0bbid8qhdgmroeo7cdhnf0f5949', '::1', 1537621645, 0x5f5f63695f6c6173745f726567656e65726174657c693a313533373632313634353b6c6f67696e75736572737c613a363a7b733a383a2275736572735f6964223b733a313a2231223b733a343a226e616d65223b733a31363a2254686961676f206465204d616365646f223b733a353a22656d61696c223b733a32343a2274686961676f6461726b3139393540676d61696c2e636f6d223b733a383a22757365726e616d65223b733a373a227375706f727465223b733a363a22737461747573223b733a313a2231223b733a383a22726f6c65735f6964223b733a313a2231223b7d),
('i3bpe7a25kg0kdm2mm82vqrr8n9dfclm', '::1', 1537621645, 0x5f5f63695f6c6173745f726567656e65726174657c693a313533373632313634353b6c6f67696e75736572737c613a363a7b733a383a2275736572735f6964223b733a313a2231223b733a343a226e616d65223b733a31363a2254686961676f206465204d616365646f223b733a353a22656d61696c223b733a32343a2274686961676f6461726b3139393540676d61696c2e636f6d223b733a383a22757365726e616d65223b733a373a227375706f727465223b733a363a22737461747573223b733a313a2231223b733a383a22726f6c65735f6964223b733a313a2231223b7d),
('5pbelu47h7hkvjjk22u3s2h21j0ovomf', '::1', 1537948618, 0x5f5f63695f6c6173745f726567656e65726174657c693a313533373934383539343b6c6f67696e75736572737c613a363a7b733a383a2275736572735f6964223b733a313a2231223b733a343a226e616d65223b733a31363a2254686961676f206465204d616365646f223b733a353a22656d61696c223b733a32343a2274686961676f6461726b3139393540676d61696c2e636f6d223b733a383a22757365726e616d65223b733a373a227375706f727465223b733a363a22737461747573223b733a313a2231223b733a383a22726f6c65735f6964223b733a313a2231223b7d),
('q2koj8iv4v81e302d921rna6m2rrs21p', '::1', 1537959676, ''),
('1q7sjq0v6qobd1ga6up3bbnc5dch46tb', '::1', 1538485401, 0x5f5f63695f6c6173745f726567656e65726174657c693a313533383438353430313b),
('2gg0b3ps8mla2snumrdo93anq00vgfn9', '::1', 1538485414, 0x5f5f63695f6c6173745f726567656e65726174657c693a313533383438353430313b6c6f67696e75736572737c613a363a7b733a383a2275736572735f6964223b733a313a2231223b733a343a226e616d65223b733a31363a2254686961676f206465204d616365646f223b733a353a22656d61696c223b733a32343a2274686961676f6461726b3139393540676d61696c2e636f6d223b733a383a22757365726e616d65223b733a373a227375706f727465223b733a363a22737461747573223b733a313a2231223b733a383a22726f6c65735f6964223b733a313a2231223b7d),
('74edremjllgpaj1ohm5dikuvjict9aus', '::1', 1539914359, 0x5f5f63695f6c6173745f726567656e65726174657c693a313533393931343335393b6c6f67696e75736572737c613a363a7b733a383a2275736572735f6964223b733a313a2231223b733a343a226e616d65223b733a31363a2254686961676f206465204d616365646f223b733a353a22656d61696c223b733a32343a2274686961676f6461726b3139393540676d61696c2e636f6d223b733a383a22757365726e616d65223b733a373a227375706f727465223b733a363a22737461747573223b733a313a2231223b733a383a22726f6c65735f6964223b733a313a2231223b7d),
('bvs2t8gpcsl1g51htrp79jmuq5umeio5', '::1', 1539914604, 0x5f5f63695f6c6173745f726567656e65726174657c693a313533393931343335393b6c6f67696e75736572737c613a363a7b733a383a2275736572735f6964223b733a313a2231223b733a343a226e616d65223b733a31363a2254686961676f206465204d616365646f223b733a353a22656d61696c223b733a32343a2274686961676f6461726b3139393540676d61696c2e636f6d223b733a383a22757365726e616d65223b733a373a227375706f727465223b733a363a22737461747573223b733a313a2231223b733a383a22726f6c65735f6964223b733a313a2231223b7d),
('edfpqf3kbjgbvij2s4vaffio5s011rpv', '::1', 1540247499, 0x5f5f63695f6c6173745f726567656e65726174657c693a313534303234373439393b6c6f67696e75736572737c613a363a7b733a383a2275736572735f6964223b733a313a2231223b733a343a226e616d65223b733a31363a2254686961676f206465204d616365646f223b733a353a22656d61696c223b733a32343a2274686961676f6461726b3139393540676d61696c2e636f6d223b733a383a22757365726e616d65223b733a373a227375706f727465223b733a363a22737461747573223b733a313a2231223b733a383a22726f6c65735f6964223b733a313a2231223b7d),
('asptt51forqdrckt44ogj125s3tcsvcm', '::1', 1540248756, 0x5f5f63695f6c6173745f726567656e65726174657c693a313534303234383735363b6c6f67696e75736572737c613a363a7b733a383a2275736572735f6964223b733a313a2231223b733a343a226e616d65223b733a31363a2254686961676f206465204d616365646f223b733a353a22656d61696c223b733a32343a2274686961676f6461726b3139393540676d61696c2e636f6d223b733a383a22757365726e616d65223b733a373a227375706f727465223b733a363a22737461747573223b733a313a2231223b733a383a22726f6c65735f6964223b733a313a2231223b7d),
('it33f5m365bssi8g6cec6sp8lin7aiul', '::1', 1540249846, 0x5f5f63695f6c6173745f726567656e65726174657c693a313534303234393834363b6c6f67696e75736572737c613a363a7b733a383a2275736572735f6964223b733a313a2231223b733a343a226e616d65223b733a31363a2254686961676f206465204d616365646f223b733a353a22656d61696c223b733a32343a2274686961676f6461726b3139393540676d61696c2e636f6d223b733a383a22757365726e616d65223b733a373a227375706f727465223b733a363a22737461747573223b733a313a2231223b733a383a22726f6c65735f6964223b733a313a2231223b7d),
('h3rdjsvggkf0e3vckeful08f1gog1a3r', '::1', 1540250158, 0x5f5f63695f6c6173745f726567656e65726174657c693a313534303235303135383b6c6f67696e75736572737c613a363a7b733a383a2275736572735f6964223b733a313a2231223b733a343a226e616d65223b733a31363a2254686961676f206465204d616365646f223b733a353a22656d61696c223b733a32343a2274686961676f6461726b3139393540676d61696c2e636f6d223b733a383a22757365726e616d65223b733a373a227375706f727465223b733a363a22737461747573223b733a313a2231223b733a383a22726f6c65735f6964223b733a313a2231223b7d),
('4fr5qesl8kl6tqivd1pevlejjcoi1tqm', '::1', 1540250535, 0x5f5f63695f6c6173745f726567656e65726174657c693a313534303235303533353b6c6f67696e75736572737c613a363a7b733a383a2275736572735f6964223b733a313a2231223b733a343a226e616d65223b733a31363a2254686961676f206465204d616365646f223b733a353a22656d61696c223b733a32343a2274686961676f6461726b3139393540676d61696c2e636f6d223b733a383a22757365726e616d65223b733a373a227375706f727465223b733a363a22737461747573223b733a313a2231223b733a383a22726f6c65735f6964223b733a313a2231223b7d),
('qdj2vmunvsa7ffcvs7sjcar0mas92bfp', '::1', 1540250929, 0x5f5f63695f6c6173745f726567656e65726174657c693a313534303235303932393b6c6f67696e75736572737c613a363a7b733a383a2275736572735f6964223b733a313a2231223b733a343a226e616d65223b733a31363a2254686961676f206465204d616365646f223b733a353a22656d61696c223b733a32343a2274686961676f6461726b3139393540676d61696c2e636f6d223b733a383a22757365726e616d65223b733a373a227375706f727465223b733a363a22737461747573223b733a313a2231223b733a383a22726f6c65735f6964223b733a313a2231223b7d),
('27qdvijv286silg06t1b9qsln4u7qj2r', '::1', 1540251241, 0x5f5f63695f6c6173745f726567656e65726174657c693a313534303235313234313b6c6f67696e75736572737c613a363a7b733a383a2275736572735f6964223b733a313a2231223b733a343a226e616d65223b733a31363a2254686961676f206465204d616365646f223b733a353a22656d61696c223b733a32343a2274686961676f6461726b3139393540676d61696c2e636f6d223b733a383a22757365726e616d65223b733a373a227375706f727465223b733a363a22737461747573223b733a313a2231223b733a383a22726f6c65735f6964223b733a313a2231223b7d),
('77b48hp7oiid1a9ah3l9htlu77668i5j', '::1', 1540251575, 0x5f5f63695f6c6173745f726567656e65726174657c693a313534303235313537353b6c6f67696e75736572737c613a363a7b733a383a2275736572735f6964223b733a313a2231223b733a343a226e616d65223b733a31363a2254686961676f206465204d616365646f223b733a353a22656d61696c223b733a32343a2274686961676f6461726b3139393540676d61696c2e636f6d223b733a383a22757365726e616d65223b733a373a227375706f727465223b733a363a22737461747573223b733a313a2231223b733a383a22726f6c65735f6964223b733a313a2231223b7d),
('89p5pkm0pp7cfcl9qt7qs74mto8g4dkl', '::1', 1540251885, 0x5f5f63695f6c6173745f726567656e65726174657c693a313534303235313838353b6c6f67696e75736572737c613a363a7b733a383a2275736572735f6964223b733a313a2231223b733a343a226e616d65223b733a31363a2254686961676f206465204d616365646f223b733a353a22656d61696c223b733a32343a2274686961676f6461726b3139393540676d61696c2e636f6d223b733a383a22757365726e616d65223b733a373a227375706f727465223b733a363a22737461747573223b733a313a2231223b733a383a22726f6c65735f6964223b733a313a2231223b7d),
('17b41eub3gar36f7abuo5vpmbk5d488a', '::1', 1540252445, 0x5f5f63695f6c6173745f726567656e65726174657c693a313534303235323434353b6c6f67696e75736572737c613a363a7b733a383a2275736572735f6964223b733a313a2231223b733a343a226e616d65223b733a31363a2254686961676f206465204d616365646f223b733a353a22656d61696c223b733a32343a2274686961676f6461726b3139393540676d61696c2e636f6d223b733a383a22757365726e616d65223b733a373a227375706f727465223b733a363a22737461747573223b733a313a2231223b733a383a22726f6c65735f6964223b733a313a2231223b7d),
('av64lq89hn38s6s0krktpiv7j6jmbfsk', '::1', 1540252823, 0x5f5f63695f6c6173745f726567656e65726174657c693a313534303235323832333b6c6f67696e75736572737c613a363a7b733a383a2275736572735f6964223b733a313a2231223b733a343a226e616d65223b733a31363a2254686961676f206465204d616365646f223b733a353a22656d61696c223b733a32343a2274686961676f6461726b3139393540676d61696c2e636f6d223b733a383a22757365726e616d65223b733a373a227375706f727465223b733a363a22737461747573223b733a313a2231223b733a383a22726f6c65735f6964223b733a313a2231223b7d),
('n7aeattdmgbkjenf7votvhagig95rf0n', '::1', 1540253318, 0x5f5f63695f6c6173745f726567656e65726174657c693a313534303235333331383b6c6f67696e75736572737c613a363a7b733a383a2275736572735f6964223b733a313a2231223b733a343a226e616d65223b733a31363a2254686961676f206465204d616365646f223b733a353a22656d61696c223b733a32343a2274686961676f6461726b3139393540676d61696c2e636f6d223b733a383a22757365726e616d65223b733a373a227375706f727465223b733a363a22737461747573223b733a313a2231223b733a383a22726f6c65735f6964223b733a313a2231223b7d),
('geb3p66pkmgm5cuvti5fiirkkp3e4tuv', '::1', 1540253692, 0x5f5f63695f6c6173745f726567656e65726174657c693a313534303235333639323b6c6f67696e75736572737c613a363a7b733a383a2275736572735f6964223b733a313a2231223b733a343a226e616d65223b733a31363a2254686961676f206465204d616365646f223b733a353a22656d61696c223b733a32343a2274686961676f6461726b3139393540676d61696c2e636f6d223b733a383a22757365726e616d65223b733a373a227375706f727465223b733a363a22737461747573223b733a313a2231223b733a383a22726f6c65735f6964223b733a313a2231223b7d),
('m0buij17d1ffnsv4spvav0gg8s0ka33q', '::1', 1540254004, 0x5f5f63695f6c6173745f726567656e65726174657c693a313534303235343030343b6c6f67696e75736572737c613a363a7b733a383a2275736572735f6964223b733a313a2231223b733a343a226e616d65223b733a31363a2254686961676f206465204d616365646f223b733a353a22656d61696c223b733a32343a2274686961676f6461726b3139393540676d61696c2e636f6d223b733a383a22757365726e616d65223b733a373a227375706f727465223b733a363a22737461747573223b733a313a2231223b733a383a22726f6c65735f6964223b733a313a2231223b7d),
('cuuqmsc0ddkpevsd8ui1klboic6m0dmt', '::1', 1540254366, 0x5f5f63695f6c6173745f726567656e65726174657c693a313534303235343336363b6c6f67696e75736572737c613a363a7b733a383a2275736572735f6964223b733a313a2231223b733a343a226e616d65223b733a31363a2254686961676f206465204d616365646f223b733a353a22656d61696c223b733a32343a2274686961676f6461726b3139393540676d61696c2e636f6d223b733a383a22757365726e616d65223b733a373a227375706f727465223b733a363a22737461747573223b733a313a2231223b733a383a22726f6c65735f6964223b733a313a2231223b7d),
('4b6e5cgljadrnqfi9vji32fsniksn1ti', '::1', 1540254840, 0x5f5f63695f6c6173745f726567656e65726174657c693a313534303235343834303b6c6f67696e75736572737c613a363a7b733a383a2275736572735f6964223b733a313a2231223b733a343a226e616d65223b733a31363a2254686961676f206465204d616365646f223b733a353a22656d61696c223b733a32343a2274686961676f6461726b3139393540676d61696c2e636f6d223b733a383a22757365726e616d65223b733a373a227375706f727465223b733a363a22737461747573223b733a313a2231223b733a383a22726f6c65735f6964223b733a313a2231223b7d),
('5ajbu0poiep5g7urseh57hv3bmtlrph2', '::1', 1540255261, 0x5f5f63695f6c6173745f726567656e65726174657c693a313534303235353236313b6c6f67696e75736572737c613a363a7b733a383a2275736572735f6964223b733a313a2231223b733a343a226e616d65223b733a31363a2254686961676f206465204d616365646f223b733a353a22656d61696c223b733a32343a2274686961676f6461726b3139393540676d61696c2e636f6d223b733a383a22757365726e616d65223b733a373a227375706f727465223b733a363a22737461747573223b733a313a2231223b733a383a22726f6c65735f6964223b733a313a2231223b7d),
('uf614kf69g83snvkpo04sdje2dmkr8ts', '::1', 1540256243, 0x5f5f63695f6c6173745f726567656e65726174657c693a313534303235363234333b6c6f67696e75736572737c613a363a7b733a383a2275736572735f6964223b733a313a2231223b733a343a226e616d65223b733a31363a2254686961676f206465204d616365646f223b733a353a22656d61696c223b733a32343a2274686961676f6461726b3139393540676d61696c2e636f6d223b733a383a22757365726e616d65223b733a373a227375706f727465223b733a363a22737461747573223b733a313a2231223b733a383a22726f6c65735f6964223b733a313a2231223b7d),
('kn8u82lugn4msg3okmh2vkqoqh7qjunr', '::1', 1540256571, 0x5f5f63695f6c6173745f726567656e65726174657c693a313534303235363537313b6c6f67696e75736572737c613a363a7b733a383a2275736572735f6964223b733a313a2231223b733a343a226e616d65223b733a31363a2254686961676f206465204d616365646f223b733a353a22656d61696c223b733a32343a2274686961676f6461726b3139393540676d61696c2e636f6d223b733a383a22757365726e616d65223b733a373a227375706f727465223b733a363a22737461747573223b733a313a2231223b733a383a22726f6c65735f6964223b733a313a2231223b7d),
('pua10nmkse6jifn3pgqh67vmb9a0i0j4', '::1', 1540256924, 0x5f5f63695f6c6173745f726567656e65726174657c693a313534303235363932343b6c6f67696e75736572737c613a363a7b733a383a2275736572735f6964223b733a313a2231223b733a343a226e616d65223b733a31363a2254686961676f206465204d616365646f223b733a353a22656d61696c223b733a32343a2274686961676f6461726b3139393540676d61696c2e636f6d223b733a383a22757365726e616d65223b733a373a227375706f727465223b733a363a22737461747573223b733a313a2231223b733a383a22726f6c65735f6964223b733a313a2231223b7d),
('keq59135ssg2t2ishup718oaajc1g1u5', '::1', 1540257228, 0x5f5f63695f6c6173745f726567656e65726174657c693a313534303235373232383b6c6f67696e75736572737c613a363a7b733a383a2275736572735f6964223b733a313a2231223b733a343a226e616d65223b733a31363a2254686961676f206465204d616365646f223b733a353a22656d61696c223b733a32343a2274686961676f6461726b3139393540676d61696c2e636f6d223b733a383a22757365726e616d65223b733a373a227375706f727465223b733a363a22737461747573223b733a313a2231223b733a383a22726f6c65735f6964223b733a313a2231223b7d),
('8s8acsfnrgl2u3g7i7ifbvq72ic8v5hc', '::1', 1540257538, 0x5f5f63695f6c6173745f726567656e65726174657c693a313534303235373533383b6c6f67696e75736572737c613a363a7b733a383a2275736572735f6964223b733a313a2231223b733a343a226e616d65223b733a31363a2254686961676f206465204d616365646f223b733a353a22656d61696c223b733a32343a2274686961676f6461726b3139393540676d61696c2e636f6d223b733a383a22757365726e616d65223b733a373a227375706f727465223b733a363a22737461747573223b733a313a2231223b733a383a22726f6c65735f6964223b733a313a2231223b7d),
('spslim131ihh2v1u6rqg0k6hdn9stsjt', '::1', 1540257847, 0x5f5f63695f6c6173745f726567656e65726174657c693a313534303235373834373b6c6f67696e75736572737c613a363a7b733a383a2275736572735f6964223b733a313a2231223b733a343a226e616d65223b733a31363a2254686961676f206465204d616365646f223b733a353a22656d61696c223b733a32343a2274686961676f6461726b3139393540676d61696c2e636f6d223b733a383a22757365726e616d65223b733a373a227375706f727465223b733a363a22737461747573223b733a313a2231223b733a383a22726f6c65735f6964223b733a313a2231223b7d),
('t9smjn48ggljodj0st4puadq7e0jsf3j', '::1', 1540258869, 0x5f5f63695f6c6173745f726567656e65726174657c693a313534303235383836393b6c6f67696e75736572737c613a363a7b733a383a2275736572735f6964223b733a313a2231223b733a343a226e616d65223b733a31363a2254686961676f206465204d616365646f223b733a353a22656d61696c223b733a32343a2274686961676f6461726b3139393540676d61696c2e636f6d223b733a383a22757365726e616d65223b733a373a227375706f727465223b733a363a22737461747573223b733a313a2231223b733a383a22726f6c65735f6964223b733a313a2231223b7d),
('bcj1pn12h175hhu0mf3hcnopq7lp93vl', '::1', 1540259242, 0x5f5f63695f6c6173745f726567656e65726174657c693a313534303235393234323b6c6f67696e75736572737c613a363a7b733a383a2275736572735f6964223b733a313a2231223b733a343a226e616d65223b733a31363a2254686961676f206465204d616365646f223b733a353a22656d61696c223b733a32343a2274686961676f6461726b3139393540676d61696c2e636f6d223b733a383a22757365726e616d65223b733a373a227375706f727465223b733a363a22737461747573223b733a313a2231223b733a383a22726f6c65735f6964223b733a313a2231223b7d),
('a26a6fdmtrinlq9oqfl4me9d2skt2rq5', '::1', 1540259745, 0x5f5f63695f6c6173745f726567656e65726174657c693a313534303235393734353b6c6f67696e75736572737c613a363a7b733a383a2275736572735f6964223b733a313a2231223b733a343a226e616d65223b733a31363a2254686961676f206465204d616365646f223b733a353a22656d61696c223b733a32343a2274686961676f6461726b3139393540676d61696c2e636f6d223b733a383a22757365726e616d65223b733a373a227375706f727465223b733a363a22737461747573223b733a313a2231223b733a383a22726f6c65735f6964223b733a313a2231223b7d),
('0hjld62e95fau49qlpqd54du5bv36nj6', '::1', 1540260116, 0x5f5f63695f6c6173745f726567656e65726174657c693a313534303236303131363b6c6f67696e75736572737c613a363a7b733a383a2275736572735f6964223b733a313a2231223b733a343a226e616d65223b733a31363a2254686961676f206465204d616365646f223b733a353a22656d61696c223b733a32343a2274686961676f6461726b3139393540676d61696c2e636f6d223b733a383a22757365726e616d65223b733a373a227375706f727465223b733a363a22737461747573223b733a313a2231223b733a383a22726f6c65735f6964223b733a313a2231223b7d),
('51tp3kniq2r1st90amdo01lma37gmqe6', '::1', 1540260541, 0x5f5f63695f6c6173745f726567656e65726174657c693a313534303236303534313b6c6f67696e75736572737c613a363a7b733a383a2275736572735f6964223b733a313a2231223b733a343a226e616d65223b733a31363a2254686961676f206465204d616365646f223b733a353a22656d61696c223b733a32343a2274686961676f6461726b3139393540676d61696c2e636f6d223b733a383a22757365726e616d65223b733a373a227375706f727465223b733a363a22737461747573223b733a313a2231223b733a383a22726f6c65735f6964223b733a313a2231223b7d),
('h1vm048t3auvpjom4ve6udav54dci4qm', '::1', 1540260866, 0x5f5f63695f6c6173745f726567656e65726174657c693a313534303236303836363b6c6f67696e75736572737c613a363a7b733a383a2275736572735f6964223b733a313a2231223b733a343a226e616d65223b733a31363a2254686961676f206465204d616365646f223b733a353a22656d61696c223b733a32343a2274686961676f6461726b3139393540676d61696c2e636f6d223b733a383a22757365726e616d65223b733a373a227375706f727465223b733a363a22737461747573223b733a313a2231223b733a383a22726f6c65735f6964223b733a313a2231223b7d),
('5h03os1dhlvnfragi9t1oob0bdqvulqd', '::1', 1540261233, 0x5f5f63695f6c6173745f726567656e65726174657c693a313534303236313233333b6c6f67696e75736572737c613a363a7b733a383a2275736572735f6964223b733a313a2231223b733a343a226e616d65223b733a31363a2254686961676f206465204d616365646f223b733a353a22656d61696c223b733a32343a2274686961676f6461726b3139393540676d61696c2e636f6d223b733a383a22757365726e616d65223b733a373a227375706f727465223b733a363a22737461747573223b733a313a2231223b733a383a22726f6c65735f6964223b733a313a2231223b7d),
('9icdgn61lonvvb3qavetlde1v0nt7euq', '::1', 1540261605, 0x5f5f63695f6c6173745f726567656e65726174657c693a313534303236313630353b6c6f67696e75736572737c613a363a7b733a383a2275736572735f6964223b733a313a2231223b733a343a226e616d65223b733a31363a2254686961676f206465204d616365646f223b733a353a22656d61696c223b733a32343a2274686961676f6461726b3139393540676d61696c2e636f6d223b733a383a22757365726e616d65223b733a373a227375706f727465223b733a363a22737461747573223b733a313a2231223b733a383a22726f6c65735f6964223b733a313a2231223b7d),
('hrqabu7163dgnihdvmg8su0rk6dnkc6o', '::1', 1540261886, 0x5f5f63695f6c6173745f726567656e65726174657c693a313534303236313630353b6c6f67696e75736572737c613a363a7b733a383a2275736572735f6964223b733a313a2231223b733a343a226e616d65223b733a31363a2254686961676f206465204d616365646f223b733a353a22656d61696c223b733a32343a2274686961676f6461726b3139393540676d61696c2e636f6d223b733a383a22757365726e616d65223b733a373a227375706f727465223b733a363a22737461747573223b733a313a2231223b733a383a22726f6c65735f6964223b733a313a2231223b7d);

-- --------------------------------------------------------

--
-- Estrutura da tabela `cliente`
--

CREATE TABLE `cliente` (
  `id` int(11) NOT NULL,
  `nome` varchar(100) NOT NULL,
  `observacao` varchar(45) DEFAULT NULL,
  `telefone` varchar(14) NOT NULL,
  `email` varchar(80) NOT NULL,
  `cep` varchar(9) NOT NULL,
  `rua` varchar(80) NOT NULL,
  `bairro` varchar(80) NOT NULL,
  `cidade` varchar(45) DEFAULT NULL,
  `uf` varchar(45) DEFAULT NULL,
  `datanascimento` date NOT NULL
) ENGINE=InnoDB DEFAULT CHARSET=utf8;

--
-- Extraindo dados da tabela `cliente`
--

INSERT INTO `cliente` (`id`, `nome`, `observacao`, `telefone`, `email`, `cep`, `rua`, `bairro`, `cidade`, `uf`, `datanascimento`) VALUES
(1, 'Guilherme Alcatara Vasconcelos ', 'Amigo do Fábio', '68999356912', 'guilerg1@gmail.com', '', '', '', NULL, NULL, '0000-00-00'),
(2, 'João Vicente da Silva', 'Amigo\r\n', '', '', '', '', '', NULL, NULL, '0000-00-00'),
(3, 'Thiago de Macedo', '', '(68)99935-6912', 'thiagodark1995@gmail.com', '69911-404', 'Rua Nauas', 'Novo Horizonte', 'Rio Branco', 'AC', '0000-00-00');

-- --------------------------------------------------------

--
-- Estrutura da tabela `comanda`
--

CREATE TABLE `comanda` (
  `id` int(11) NOT NULL,
  `users_id` int(11) NOT NULL,
  `cliente_id` int(11) NOT NULL,
  `precofinal` decimal(10,2) NOT NULL,
  `data` date NOT NULL,
  `observacao` varchar(45) DEFAULT NULL,
  `status` int(1) NOT NULL DEFAULT '0',
  `caixa_id` int(11) NOT NULL
) ENGINE=InnoDB DEFAULT CHARSET=utf8;

--
-- Extraindo dados da tabela `comanda`
--

INSERT INTO `comanda` (`id`, `users_id`, `cliente_id`, `precofinal`, `data`, `observacao`, `status`, `caixa_id`) VALUES
(40, 1, 1, '45.00', '2018-09-09', 'teste', 1, 1),
(41, 1, 1, '55.00', '2018-09-09', '', 1, 1),
(42, 1, 2, '47.00', '2018-09-09', 'TESTE DE COMPRA E VENDA', 1, 1),
(46, 1, 1, '10.00', '2018-09-11', '', 1, 1),
(47, 1, 1, '45.00', '2018-09-15', '', 1, 1),
(48, 1, 1, '7.00', '2018-10-22', '', 1, 1),
(49, 1, 1, '37.00', '2018-10-22', '', 1, 1);

-- --------------------------------------------------------

--
-- Estrutura da tabela `comanda_product`
--

CREATE TABLE `comanda_product` (
  `comanda_id` int(11) NOT NULL,
  `product_id` int(11) NOT NULL
) ENGINE=InnoDB DEFAULT CHARSET=utf8;

--
-- Extraindo dados da tabela `comanda_product`
--

INSERT INTO `comanda_product` (`comanda_id`, `product_id`) VALUES
(41, 4),
(42, 5),
(46, 4);

-- --------------------------------------------------------

--
-- Estrutura da tabela `comanda_service`
--

CREATE TABLE `comanda_service` (
  `comanda_id` int(11) NOT NULL,
  `service_id` int(11) NOT NULL,
  `barber_id` int(11) NOT NULL
) ENGINE=InnoDB DEFAULT CHARSET=utf8;

--
-- Extraindo dados da tabela `comanda_service`
--

INSERT INTO `comanda_service` (`comanda_id`, `service_id`, `barber_id`) VALUES
(41, 2, 1),
(40, 2, 1),
(42, 2, 2),
(47, 2, 4),
(48, 3, 4),
(49, 1, 2),
(49, 3, 2);

-- --------------------------------------------------------

--
-- Estrutura da tabela `login_attempts`
--

CREATE TABLE `login_attempts` (
  `id` int(11) NOT NULL,
  `users_id` int(11) NOT NULL,
  `create_at` timestamp NOT NULL DEFAULT CURRENT_TIMESTAMP ON UPDATE CURRENT_TIMESTAMP
) ENGINE=InnoDB DEFAULT CHARSET=utf8;

-- --------------------------------------------------------

--
-- Estrutura da tabela `product`
--

CREATE TABLE `product` (
  `id` int(11) NOT NULL,
  `category_id` int(11) NOT NULL,
  `nome` varchar(80) NOT NULL,
  `preco` decimal(10,2) NOT NULL,
  `observacao` varchar(45) DEFAULT NULL
) ENGINE=InnoDB DEFAULT CHARSET=utf8;

--
-- Extraindo dados da tabela `product`
--

INSERT INTO `product` (`id`, `category_id`, `nome`, `preco`, `observacao`) VALUES
(4, 1, 'Cerveja', '10.00', 'teste'),
(5, 1, 'Salgado', '2.00', '');

-- --------------------------------------------------------

--
-- Estrutura da tabela `recoveries`
--

CREATE TABLE `recoveries` (
  `id` int(11) NOT NULL,
  `users_id` int(11) NOT NULL,
  `token` varchar(255) NOT NULL,
  `status` varchar(1) NOT NULL
) ENGINE=InnoDB DEFAULT CHARSET=utf8;

-- --------------------------------------------------------

--
-- Estrutura da tabela `roles`
--

CREATE TABLE `roles` (
  `id` int(11) NOT NULL,
  `role` varchar(45) NOT NULL,
  `permissoes` text
) ENGINE=InnoDB DEFAULT CHARSET=utf8;

--
-- Extraindo dados da tabela `roles`
--

INSERT INTO `roles` (`id`, `role`, `permissoes`) VALUES
(1, 'Adm', 'a:38:{s:8:\"aCliente\";N;s:8:\"eCliente\";N;s:8:\"dCliente\";N;s:8:\"vCliente\";s:1:\"1\";s:8:\"aProduto\";N;s:8:\"eProduto\";N;s:8:\"dProduto\";N;s:8:\"vProduto\";s:1:\"1\";s:8:\"aServico\";N;s:8:\"eServico\";N;s:8:\"dServico\";N;s:8:\"vServico\";s:1:\"1\";s:3:\"aOs\";N;s:3:\"eOs\";N;s:3:\"dOs\";N;s:3:\"vOs\";s:1:\"1\";s:6:\"aVenda\";N;s:6:\"eVenda\";N;s:6:\"dVenda\";N;s:6:\"vVenda\";s:1:\"1\";s:8:\"aArquivo\";N;s:8:\"eArquivo\";N;s:8:\"dArquivo\";N;s:8:\"vArquivo\";s:1:\"1\";s:11:\"aLancamento\";N;s:11:\"eLancamento\";N;s:11:\"dLancamento\";N;s:11:\"vLancamento\";s:1:\"1\";s:8:\"cUsuario\";N;s:9:\"cEmitente\";N;s:10:\"cPermissao\";N;s:7:\"cBackup\";N;s:8:\"rCliente\";N;s:8:\"rProduto\";N;s:8:\"rServico\";N;s:3:\"rOs\";N;s:6:\"rVenda\";N;s:11:\"rFinanceiro\";N;}'),
(2, 'Visitante', 'a:38:{s:8:\"aCliente\";N;s:8:\"eCliente\";N;s:8:\"dCliente\";N;s:8:\"vCliente\";s:1:\"1\";s:8:\"aProduto\";N;s:8:\"eProduto\";N;s:8:\"dProduto\";N;s:8:\"vProduto\";s:1:\"1\";s:8:\"aServico\";N;s:8:\"eServico\";N;s:8:\"dServico\";N;s:8:\"vServico\";s:1:\"1\";s:3:\"aOs\";N;s:3:\"eOs\";N;s:3:\"dOs\";N;s:3:\"vOs\";s:1:\"1\";s:6:\"aVenda\";N;s:6:\"eVenda\";N;s:6:\"dVenda\";N;s:6:\"vVenda\";s:1:\"1\";s:8:\"aArquivo\";N;s:8:\"eArquivo\";N;s:8:\"dArquivo\";N;s:8:\"vArquivo\";s:1:\"1\";s:11:\"aLancamento\";N;s:11:\"eLancamento\";N;s:11:\"dLancamento\";N;s:11:\"vLancamento\";s:1:\"1\";s:8:\"cUsuario\";N;s:9:\"cEmitente\";N;s:10:\"cPermissao\";N;s:7:\"cBackup\";N;s:8:\"rCliente\";N;s:8:\"rProduto\";N;s:8:\"rServico\";N;s:3:\"rOs\";N;s:6:\"rVenda\";N;s:11:\"rFinanceiro\";N;}');

-- --------------------------------------------------------

--
-- Estrutura da tabela `service`
--

CREATE TABLE `service` (
  `id` int(11) NOT NULL,
  `nome` varchar(100) NOT NULL,
  `preco` decimal(10,2) NOT NULL
) ENGINE=InnoDB DEFAULT CHARSET=utf8;

--
-- Extraindo dados da tabela `service`
--

INSERT INTO `service` (`id`, `nome`, `preco`) VALUES
(1, 'Corte de Cabelo', '30.00'),
(2, 'Corte + Barba', '45.00'),
(3, 'Sobrancelha', '7.00');

-- --------------------------------------------------------

--
-- Estrutura da tabela `users`
--

CREATE TABLE `users` (
  `id` int(11) NOT NULL,
  `roles_id` int(11) NOT NULL,
  `name` varchar(100) NOT NULL,
  `email` varchar(100) NOT NULL,
  `username` varchar(45) NOT NULL,
  `password` char(128) NOT NULL,
  `salt` char(128) NOT NULL,
  `status` int(1) NOT NULL
) ENGINE=InnoDB DEFAULT CHARSET=utf8;

--
-- Extraindo dados da tabela `users`
--

INSERT INTO `users` (`id`, `roles_id`, `name`, `email`, `username`, `password`, `salt`, `status`) VALUES
(1, 1, 'Thiago de Macedo', 'thiagodark1995@gmail.com', 'suporte', '$2y$10$NTJlZWM3YjE3ZmI5MDE3MeMMnM/E2CyS37Tmu99VT7lzdE65AQCfm', 'NTJlZWM3YjE3ZmI5MDE3MmZlNDE2NGE2ZTVhZTY5ODNiMDMxYWU5YjAwZjRlMjdlZDBiNzNiZWUzM2I5NGNjZDgxMWNkNWVjZGM5ZmRmNzhiMGFkZGE1ZTgwZTg1OTFl', 1),
(3, 2, 'Antônia Marineia Ferreira de Macedo', 'marineiafe_23@hotmail.com', 'marineia', '$2y$10$M2M5OTA5YWZlYzI1MzU0Z.ueJtf5A.JRk.uedrMuj48HQ9OVR4itO', 'M2M5OTA5YWZlYzI1MzU0ZDU1MWRhZTIxNTkwYmIyNmUzOGQ1M2YyMTczYjhkM2RjM2VlZTRjMDQ3ZTdhYjFjMWViOGI4NTEwM2UzYmU3YmE2MTNiMzFiYjVjOWMzNjIx', 1),
(4, 2, 'João Macedo', 'joao123@gmail.com', 'joao123', '$2y$10$M2M5OTA5YWZlYzI1MzU0Z.ueJtf5A.JRk.uedrMuj48HQ9OVR4itO', 'M2M5OTA5YWZlYzI1MzU0ZDU1MWRhZTIxNTkwYmIyNmUzOGQ1M2YyMTczYjhkM2RjM2VlZTRjMDQ3ZTdhYjFjMWViOGI4NTEwM2UzYmU3YmE2MTNiMzFiYjVjOWMzNjIx', 1);

--
-- Indexes for dumped tables
--

--
-- Indexes for table `barber`
--
ALTER TABLE `barber`
  ADD PRIMARY KEY (`id`,`comissao_id`),
  ADD KEY `fk_barber_comissao1_idx` (`comissao_id`);

--
-- Indexes for table `caixa`
--
ALTER TABLE `caixa`
  ADD PRIMARY KEY (`id`);

--
-- Indexes for table `category`
--
ALTER TABLE `category`
  ADD PRIMARY KEY (`id`);

--
-- Indexes for table `ci_sessions`
--
ALTER TABLE `ci_sessions`
  ADD KEY `ci_sessions_timestamp` (`timestamp`);

--
-- Indexes for table `cliente`
--
ALTER TABLE `cliente`
  ADD PRIMARY KEY (`id`);

--
-- Indexes for table `comanda`
--
ALTER TABLE `comanda`
  ADD PRIMARY KEY (`id`,`users_id`),
  ADD KEY `fk_comanda_cliente1_idx` (`cliente_id`),
  ADD KEY `fk_comanda_users1_idx` (`users_id`),
  ADD KEY `fk_comanda_caixa1_idx` (`caixa_id`);

--
-- Indexes for table `comanda_product`
--
ALTER TABLE `comanda_product`
  ADD KEY `fk_comanda_has_product_product1_idx` (`product_id`),
  ADD KEY `fk_comanda_has_product_comanda1_idx` (`comanda_id`);

--
-- Indexes for table `comanda_service`
--
ALTER TABLE `comanda_service`
  ADD KEY `fk_comanda_has_service_service1_idx` (`service_id`),
  ADD KEY `fk_comanda_has_service_comanda1_idx` (`comanda_id`),
  ADD KEY `fk_comanda_service_barber1_idx` (`barber_id`);

--
-- Indexes for table `login_attempts`
--
ALTER TABLE `login_attempts`
  ADD PRIMARY KEY (`id`),
  ADD KEY `fk_login_attempts_users_idx` (`users_id`);

--
-- Indexes for table `product`
--
ALTER TABLE `product`
  ADD PRIMARY KEY (`id`),
  ADD KEY `fk_product_category1_idx` (`category_id`);

--
-- Indexes for table `recoveries`
--
ALTER TABLE `recoveries`
  ADD PRIMARY KEY (`id`,`users_id`),
  ADD KEY `fk_recoveries_users1_idx` (`users_id`);

--
-- Indexes for table `roles`
--
ALTER TABLE `roles`
  ADD PRIMARY KEY (`id`);

--
-- Indexes for table `service`
--
ALTER TABLE `service`
  ADD PRIMARY KEY (`id`);

--
-- Indexes for table `users`
--
ALTER TABLE `users`
  ADD PRIMARY KEY (`id`,`roles_id`),
  ADD KEY `fk_users_roles1_idx` (`roles_id`);

--
-- AUTO_INCREMENT for dumped tables
--

--
-- AUTO_INCREMENT for table `barber`
--
ALTER TABLE `barber`
  MODIFY `id` int(11) NOT NULL AUTO_INCREMENT, AUTO_INCREMENT=5;

--
-- AUTO_INCREMENT for table `caixa`
--
ALTER TABLE `caixa`
  MODIFY `id` int(11) NOT NULL AUTO_INCREMENT, AUTO_INCREMENT=2;

--
-- AUTO_INCREMENT for table `category`
--
ALTER TABLE `category`
  MODIFY `id` int(11) NOT NULL AUTO_INCREMENT, AUTO_INCREMENT=4;

--
-- AUTO_INCREMENT for table `cliente`
--
ALTER TABLE `cliente`
  MODIFY `id` int(11) NOT NULL AUTO_INCREMENT, AUTO_INCREMENT=4;

--
-- AUTO_INCREMENT for table `comanda`
--
ALTER TABLE `comanda`
  MODIFY `id` int(11) NOT NULL AUTO_INCREMENT, AUTO_INCREMENT=50;

--
-- AUTO_INCREMENT for table `login_attempts`
--
ALTER TABLE `login_attempts`
  MODIFY `id` int(11) NOT NULL AUTO_INCREMENT;

--
-- AUTO_INCREMENT for table `product`
--
ALTER TABLE `product`
  MODIFY `id` int(11) NOT NULL AUTO_INCREMENT, AUTO_INCREMENT=6;

--
-- AUTO_INCREMENT for table `recoveries`
--
ALTER TABLE `recoveries`
  MODIFY `id` int(11) NOT NULL AUTO_INCREMENT;

--
-- AUTO_INCREMENT for table `roles`
--
ALTER TABLE `roles`
  MODIFY `id` int(11) NOT NULL AUTO_INCREMENT, AUTO_INCREMENT=3;

--
-- AUTO_INCREMENT for table `service`
--
ALTER TABLE `service`
  MODIFY `id` int(11) NOT NULL AUTO_INCREMENT, AUTO_INCREMENT=4;

--
-- AUTO_INCREMENT for table `users`
--
ALTER TABLE `users`
  MODIFY `id` int(11) NOT NULL AUTO_INCREMENT, AUTO_INCREMENT=5;

--
-- Constraints for dumped tables
--

--
-- Limitadores para a tabela `barber`
--
ALTER TABLE `barber`
  ADD CONSTRAINT `fk_barber_comissao1` FOREIGN KEY (`comissao_id`) REFERENCES `comissao` (`id`) ON DELETE NO ACTION ON UPDATE NO ACTION;

--
-- Limitadores para a tabela `comanda`
--
ALTER TABLE `comanda`
  ADD CONSTRAINT `fk_comanda_caixa1` FOREIGN KEY (`caixa_id`) REFERENCES `caixa` (`id`) ON DELETE NO ACTION ON UPDATE NO ACTION,
  ADD CONSTRAINT `fk_comanda_cliente1` FOREIGN KEY (`cliente_id`) REFERENCES `cliente` (`id`) ON DELETE NO ACTION ON UPDATE NO ACTION,
  ADD CONSTRAINT `fk_comanda_users1` FOREIGN KEY (`users_id`) REFERENCES `users` (`id`) ON DELETE NO ACTION ON UPDATE NO ACTION;

--
-- Limitadores para a tabela `comanda_product`
--
ALTER TABLE `comanda_product`
  ADD CONSTRAINT `fk_comanda_has_product_comanda1` FOREIGN KEY (`comanda_id`) REFERENCES `comanda` (`id`) ON DELETE CASCADE ON UPDATE CASCADE,
  ADD CONSTRAINT `fk_comanda_has_product_product1` FOREIGN KEY (`product_id`) REFERENCES `product` (`id`) ON DELETE NO ACTION ON UPDATE NO ACTION;

--
-- Limitadores para a tabela `comanda_service`
--
ALTER TABLE `comanda_service`
  ADD CONSTRAINT `fk_comanda_has_service_comanda1` FOREIGN KEY (`comanda_id`) REFERENCES `comanda` (`id`) ON DELETE CASCADE ON UPDATE CASCADE,
  ADD CONSTRAINT `fk_comanda_has_service_service1` FOREIGN KEY (`service_id`) REFERENCES `service` (`id`) ON DELETE NO ACTION ON UPDATE NO ACTION,
  ADD CONSTRAINT `fk_comanda_service_barber1` FOREIGN KEY (`barber_id`) REFERENCES `barber` (`id`) ON DELETE NO ACTION ON UPDATE NO ACTION;

--
-- Limitadores para a tabela `login_attempts`
--
ALTER TABLE `login_attempts`
  ADD CONSTRAINT `fk_login_attempts_users` FOREIGN KEY (`users_id`) REFERENCES `users` (`id`) ON DELETE NO ACTION ON UPDATE NO ACTION;

--
-- Limitadores para a tabela `product`
--
ALTER TABLE `product`
  ADD CONSTRAINT `fk_product_category1` FOREIGN KEY (`category_id`) REFERENCES `category` (`id`) ON DELETE NO ACTION ON UPDATE NO ACTION;

--
-- Limitadores para a tabela `recoveries`
--
ALTER TABLE `recoveries`
  ADD CONSTRAINT `fk_recoveries_users1` FOREIGN KEY (`users_id`) REFERENCES `users` (`id`) ON DELETE NO ACTION ON UPDATE NO ACTION;

--
-- Limitadores para a tabela `users`
--
ALTER TABLE `users`
  ADD CONSTRAINT `fk_users_roles1` FOREIGN KEY (`roles_id`) REFERENCES `roles` (`id`) ON DELETE NO ACTION ON UPDATE NO ACTION;
COMMIT;

/*!40101 SET CHARACTER_SET_CLIENT=@OLD_CHARACTER_SET_CLIENT */;
/*!40101 SET CHARACTER_SET_RESULTS=@OLD_CHARACTER_SET_RESULTS */;
/*!40101 SET COLLATION_CONNECTION=@OLD_COLLATION_CONNECTION */;
